transaction_date,posting_date,card_last4,merchant_name,merchant_category,amount_inr,currency,foreign_amount,transaction_type,status,reward_points,order_ref
2025-10-01,2025-10-01,XXXX-XXXX-XXXX-5678,RELIANCE SMART BAZAAR,Grocery,979.96,INR,,PURCHASE,POSTED,10,
2025-10-02,2025-10-04,XXXX-XXXX-XXXX-5678,FLIPKART.IN BANGALORE IN,Shopping,1482.30,INR,,PURCHASE,POSTED,15,ORD2510021001
2025-10-02,2025-10-04,XXXX-XXXX-XXXX-5678,CROMA.IN BANGALORE IN,Shopping,492.38,INR,,PURCHASE,POSTED,5,ORD2510021002
2025-10-02,2025-10-03,XXXX-XXXX-XXXX-5678,MYNTRA.IN BANGALORE IN,Shopping,328.20,INR,,PURCHASE,POSTED,3,ORD2510021003
2025-10-02,2025-10-02,XXXX-XXXX-XXXX-5678,FLIPKART.IN BANGALORE IN,Shopping,2878.20,INR,,PURCHASE,POSTED,29,ORD2510021004
2025-10-02,2025-10-02,XXXX-XXXX-XXXX-5678,NETFLIX.COM 866-579-7172,Entertainment,649.00,INR,,PURCHASE,POSTED,6,
2025-10-02,2025-10-03,XXXX-XXXX-XXXX-5678,PVR CINEMAS CHENNAI,Entertainment,2244.74,INR,,PURCHASE,POSTED,22,
2025-10-04,2025-10-04,XXXX-XXXX-XXXX-5678,SPOTIFY INDIA,Entertainment,119.00,INR,,PURCHASE,POSTED,1,
2025-10-07,2025-10-07,XXXX-XXXX-XXXX-5678,DECATHLON SPORTS CHENNAI,Shopping,1983.15,INR,,PURCHASE,POSTED,20,
2025-10-08,2025-10-09,XXXX-XXXX-XXXX-5678,MYNTRA.IN BANGALORE IN REFUND,Shopping,-328.20,INR,,REFUND,POSTED,0,ORD2510021003
2025-10-08,2025-10-08,XXXX-XXXX-XXXX-5678,CROMA.IN BANGALORE IN,Shopping,1319.02,INR,,PURCHASE,POSTED,13,ORD2510081013
2025-10-08,2025-10-10,XXXX-XXXX-XXXX-5678,CROMA.IN BANGALORE IN REFUND,Shopping,-1319.02,INR,,REFUND,POSTED,0,ORD2510081013
2025-10-13,2025-10-15,XXXX-XXXX-XXXX-5678,NYKAA.IN BANGALORE IN,Shopping,294.15,INR,,PURCHASE,POSTED,3,ORD2510131016
2025-10-14,2025-10-14,XXXX-XXXX-XXXX-5678,MYNTRA.IN BANGALORE IN,Shopping,2674.95,INR,,PURCHASE,POSTED,27,ORD2510141019
2025-10-14,2025-10-16,XXXX-XXXX-XXXX-5678,MYNTRA.IN BANGALORE IN REFUND,Shopping,-2674.95,INR,,REFUND,POSTED,0,ORD2510141019
2025-10-16,2025-10-16,XXXX-XXXX-XXXX-5678,INDIAN OIL CHENNAI,Fuel,1710.91,INR,,PURCHASE,POSTED,17,
2025-10-19,2025-10-19,XXXX-XXXX-XXXX-5678,AJIO.IN BANGALORE IN,Shopping,1234.05,INR,,PURCHASE,POSTED,12,ORD2510191023
2025-10-19,2025-10-21,XXXX-XXXX-XXXX-5678,AJIO.IN BANGALORE IN REFUND,Shopping,-1234.05,INR,,REFUND,POSTED,0,ORD2510191023
2025-10-21,2025-10-21,XXXX-XXXX-XXXX-5678,FLIPKART.IN BANGALORE IN,Shopping,674.10,INR,,PURCHASE,POSTED,7,ORD2510211025
2025-10-21,2025-10-21,XXXX-XXXX-XXXX-5678,STARBUCKS COFFEE CHENNAI,Dining,2337.70,INR,,PURCHASE,POSTED,23,
2025-10-25,2025-10-25,XXXX-XXXX-XXXX-5678,INDIAN OIL CHENNAI,Fuel,739.61,INR,,PURCHASE,POSTED,7,
2025-10-26,2025-10-28,XXXX-XXXX-XXXX-5678,DECATHLON SPORTS CHENNAI,Shopping,2194.72,INR,,PURCHASE,POSTED,22,
2025-10-27,2025-10-27,XXXX-XXXX-XXXX-5678,STARBUCKS COFFEE CHENNAI,Dining,231.74,INR,,PURCHASE,POSTED,2,
2025-10-29,2025-10-31,XXXX-XXXX-XXXX-5678,STARBUCKS COFFEE CHENNAI,Dining,3160.63,INR,,PURCHASE,POSTED,32,
2025-10-29,2025-10-29,XXXX-XXXX-XXXX-5678,NATURALS ICE CREAM CHENNAI,Dining,829.02,INR,,PURCHASE,POSTED,8,
2025-11-02,2025-11-02,XXXX-XXXX-XXXX-5678,NETFLIX.COM 866-579-7172,Entertainment,649.00,INR,,PURCHASE,POSTED,6,
2025-11-04,2025-11-04,XXXX-XXXX-XXXX-5678,SPOTIFY INDIA,Entertainment,119.00,INR,,PURCHASE,POSTED,1,
2025-11-06,2025-11-06,XXXX-XXXX-XXXX-5678,DECATHLON SPORTS CHENNAI,Shopping,1384.55,INR,,PURCHASE,POSTED,14,
2025-11-08,2025-11-10,XXXX-XXXX-XXXX-5678,PVR CINEMAS CHENNAI,Entertainment,2117.73,INR,,PURCHASE,POSTED,21,
2025-11-10,2025-11-11,XXXX-XXXX-XXXX-5678,CROMA.IN BANGALORE IN,Shopping,1954.94,INR,,PURCHASE,POSTED,20,ORD2511101032
2025-11-12,2025-11-13,XXXX-XXXX-XXXX-5678,CANVA PRO SUBSCRIPTION SYDNEY AU,Subscription,1079.32,USD,12.99,PURCHASE,POSTED,11,
2025-11-12,2025-11-13,XXXX-XXXX-XXXX-5678,FOREX MARKUP FEE - CANVA PRO,Fee,35.20,INR,,FEE,POSTED,0,
2025-11-13,2025-11-13,XXXX-XXXX-XXXX-5678,DECATHLON SPORTS CHENNAI,Shopping,2944.44,INR,,PURCHASE,POSTED,29,
2025-11-19,2025-11-21,XXXX-XXXX-XXXX-5678,INDIAN OIL CHENNAI,Fuel,730.70,INR,,PURCHASE,POSTED,7,
2025-11-23,2025-11-23,XXXX-XXXX-XXXX-5678,PVR CINEMAS CHENNAI,Entertainment,1308.18,INR,,PURCHASE,POSTED,13,
2025-11-23,2025-11-25,XXXX-XXXX-XXXX-5678,STARBUCKS COFFEE CHENNAI,Dining,567.69,INR,,PURCHASE,POSTED,6,
2025-11-23,2025-11-23,XXXX-XXXX-XXXX-5678,PVR CINEMAS CHENNAI,Entertainment,227.85,INR,,PURCHASE,POSTED,2,
2025-11-23,2025-11-24,XXXX-XXXX-XXXX-5678,STARBUCKS COFFEE CHENNAI,Dining,1292.75,INR,,PURCHASE,POSTED,13,
2025-11-29,2025-11-30,XXXX-XXXX-XXXX-5678,DECATHLON SPORTS CHENNAI,Shopping,595.03,INR,,PURCHASE,POSTED,6,
2025-11-30,2025-12-02,XXXX-XXXX-XXXX-5678,APOLLO PHARMACY CHENNAI,Health,2553.52,INR,,PURCHASE,POSTED,26,
2025-12-02,2025-12-02,XXXX-XXXX-XXXX-5678,NETFLIX.COM 866-579-7172,Entertainment,649.00,INR,,PURCHASE,POSTED,6,
2025-12-02,2025-12-03,XXXX-XXXX-XXXX-5678,STARBUCKS COFFEE CHENNAI,Dining,228.14,INR,,PURCHASE,POSTED,2,
2025-12-03,2025-12-05,XXXX-XXXX-XXXX-5678,DECATHLON SPORTS CHENNAI,Shopping,2937.69,INR,,PURCHASE,POSTED,29,
2025-12-04,2025-12-04,XXXX-XXXX-XXXX-5678,SPOTIFY INDIA,Entertainment,119.00,INR,,PURCHASE,POSTED,1,
2025-12-05,2025-12-05,XXXX-XXXX-XXXX-5678,BIGBASKET.IN BANGALORE IN,Shopping,1348.00,INR,,PURCHASE,POSTED,13,ORD2512051047
2025-12-05,2025-12-05,XXXX-XXXX-XXXX-5678,EMI-CROMA ELECTRONICS (INSTALLMENT 1/6),EMI,4166.67,INR,,EMI,POSTED,42,
2025-12-06,2025-12-08,XXXX-XXXX-XXXX-5678,BIGBASKET.IN BANGALORE IN REFUND,Shopping,-1348.00,INR,,REFUND,POSTED,0,ORD2512051047
2025-12-07,2025-12-07,XXXX-XXXX-XXXX-5678,RELIANCE SMART BAZAAR,Grocery,3177.51,INR,,PURCHASE,POSTED,32,
2025-12-10,2025-12-12,XXXX-XXXX-XXXX-5678,FLIPKART.IN BANGALORE IN,Shopping,933.30,INR,,PURCHASE,POSTED,9,ORD2512101051
2025-12-10,2025-12-10,XXXX-XXXX-XXXX-5678,STARBUCKS COFFEE CHENNAI,Dining,382.38,INR,,PURCHASE,POSTED,4,
2025-12-11,2025-12-12,XXXX-XXXX-XXXX-5678,FLIPKART.IN BANGALORE IN,Shopping,422.50,INR,,PURCHASE,POSTED,4,ORD2512111052
2025-12-14,2025-12-16,XXXX-XXXX-XXXX-5678,UNKNOWN MERCHANT SINGAPORE SG,Uncategorized,2450.00,INR,,PURCHASE,DISPUTED,24,
2025-12-15,2025-12-16,XXXX-XXXX-XXXX-5678,DECATHLON SPORTS CHENNAI,Shopping,2227.85,INR,,PURCHASE,POSTED,22,
2025-12-18,2025-12-20,XXXX-XXXX-XXXX-5678,APOLLO PHARMACY CHENNAI,Health,2143.18,INR,,PURCHASE,POSTED,21,
2025-12-19,2025-12-21,XXXX-XXXX-XXXX-5678,INDIAN OIL CHENNAI,Fuel,643.74,INR,,PURCHASE,POSTED,6,
2025-12-22,2025-12-23,XXXX-XXXX-XXXX-5678,APOLLO PHARMACY CHENNAI,Health,823.82,INR,,PURCHASE,POSTED,8,
2025-12-27,2025-12-29,XXXX-XXXX-XXXX-5678,CROMA.IN BANGALORE IN,Shopping,9472.91,INR,,PURCHASE,POSTED,95,ORD2512271057
2025-12-27,2025-12-29,XXXX-XXXX-XXXX-5678,NATURALS ICE CREAM CHENNAI,Dining,1437.34,INR,,PURCHASE,POSTED,14,
2025-12-31,2025-12-31,XXXX-XXXX-XXXX-5678,DECATHLON SPORTS CHENNAI,Shopping,1207.78,INR,,PURCHASE,POSTED,12,
2026-01-02,2026-01-02,XXXX-XXXX-XXXX-5678,FLIPKART.IN BANGALORE IN,Shopping,4557.15,INR,,PURCHASE,POSTED,46,ORD2601021059
2026-01-02,2026-01-02,XXXX-XXXX-XXXX-5678,AMAZON.IN BANGALORE IN,Shopping,759.05,INR,,PURCHASE,POSTED,8,ORD2601021060
2026-01-02,2026-01-02,XXXX-XXXX-XXXX-5678,NETFLIX.COM 866-579-7172,Entertainment,649.00,INR,,PURCHASE,POSTED,6,
2026-01-04,2026-01-04,XXXX-XXXX-XXXX-5678,SPOTIFY INDIA,Entertainment,119.00,INR,,PURCHASE,POSTED,1,
2026-01-05,2026-01-05,XXXX-XXXX-XXXX-5678,EMI-CROMA ELECTRONICS (INSTALLMENT 2/6),EMI,4166.67,INR,,EMI,POSTED,42,
2026-01-08,2026-01-10,XXXX-XXXX-XXXX-5678,RELIANCE SMART BAZAAR,Grocery,860.06,INR,,PURCHASE,POSTED,9,
2026-01-08,2026-01-10,XXXX-XXXX-XXXX-5678,STARBUCKS COFFEE CHENNAI,Dining,1678.11,INR,,PURCHASE,POSTED,17,
2026-01-08,2026-01-08,XXXX-XXXX-XXXX-5678,NATURALS ICE CREAM CHENNAI,Dining,3030.60,INR,,PURCHASE,POSTED,30,
2026-01-10,2026-01-11,XXXX-XXXX-XXXX-5678,AMAZON.IN BANGALORE IN REFUND,Shopping,-759.05,INR,,REFUND,POSTED,0,ORD2601021060
2026-01-10,2026-01-10,XXXX-XXXX-XXXX-5678,NATURALS ICE CREAM CHENNAI,Dining,1289.34,INR,,PURCHASE,POSTED,13,
2026-01-15,2026-01-16,XXXX-XXXX-XXXX-5678,MYNTRA.IN BANGALORE IN,Shopping,1548.00,INR,,PURCHASE,POSTED,15,ORD2601151067
2026-01-15,2026-01-16,XXXX-XXXX-XXXX-5678,INDIAN OIL CHENNAI,Fuel,560.69,INR,,PURCHASE,POSTED,6,
2026-01-23,2026-01-24,XXXX-XXXX-XXXX-5678,FLIPKART.IN BANGALORE IN,Shopping,2208.30,INR,,PURCHASE,POSTED,22,ORD2601231068
2026-01-24,2026-01-24,XXXX-XXXX-XXXX-5678,FLIPKART.IN BANGALORE IN,Shopping,674.10,INR,,PURCHASE,POSTED,7,ORD2601241070
2026-01-26,2026-01-28,XXXX-XXXX-XXXX-5678,FLIPKART.IN BANGALORE IN REFUND,Shopping,-674.10,INR,,REFUND,POSTED,0,ORD2601241070
2026-01-26,2026-01-26,XXXX-XXXX-XXXX-5678,PVR CINEMAS CHENNAI,Entertainment,1590.21,INR,,PURCHASE,POSTED,16,
2026-01-27,2026-01-28,XXXX-XXXX-XXXX-5678,PVR CINEMAS CHENNAI,Entertainment,271.31,INR,,PURCHASE,POSTED,3,
2026-01-28,2026-01-28,XXXX-XXXX-XXXX-5678,DECATHLON SPORTS CHENNAI,Shopping,961.41,INR,,PURCHASE,POSTED,10,
2026-01-28,2026-01-29,XXXX-XXXX-XXXX-5678,DECATHLON SPORTS CHENNAI,Shopping,3139.65,INR,,PURCHASE,POSTED,31,
2026-01-29,2026-01-29,XXXX-XXXX-XXXX-5678,BIGBASKET.IN BANGALORE IN,Shopping,5182.45,INR,,PURCHASE,POSTED,52,ORD2601291072
2026-01-30,2026-01-31,XXXX-XXXX-XXXX-5678,CROMA.IN BANGALORE IN,Shopping,326.17,INR,,PURCHASE,POSTED,3,ORD2601301073
2026-01-30,2026-01-30,XXXX-XXXX-XXXX-5678,NATURALS ICE CREAM CHENNAI,Dining,3155.73,INR,,PURCHASE,POSTED,32,
2026-02-02,2026-02-02,XXXX-XXXX-XXXX-5678,NETFLIX.COM 866-579-7172,Entertainment,649.00,INR,,PURCHASE,POSTED,6,
2026-02-02,2026-02-03,XXXX-XXXX-XXXX-5678,PVR CINEMAS CHENNAI,Entertainment,1568.84,INR,,PURCHASE,POSTED,16,
2026-02-04,2026-02-06,XXXX-XXXX-XXXX-5678,AJIO.IN BANGALORE IN,Shopping,1198.00,INR,,PURCHASE,POSTED,12,ORD2602041076
2026-02-04,2026-02-04,XXXX-XXXX-XXXX-5678,SPOTIFY INDIA,Entertainment,119.00,INR,,PURCHASE,POSTED,1,
2026-02-05,2026-02-05,XXXX-XXXX-XXXX-5678,EMI-CROMA ELECTRONICS (INSTALLMENT 3/6),EMI,4166.67,INR,,EMI,POSTED,42,
2026-02-06,2026-02-08,XXXX-XXXX-XXXX-5678,INDIAN OIL CHENNAI,Fuel,3081.99,INR,,PURCHASE,POSTED,31,
2026-02-07,2026-02-07,XXXX-XXXX-XXXX-5678,AMAZON.IN BANGALORE IN,Shopping,9998.00,INR,,PURCHASE,POSTED,100,ORD2602071079
2026-02-12,2026-02-14,XXXX-XXXX-XXXX-5678,INDIAN OIL CHENNAI,Fuel,863.36,INR,,PURCHASE,POSTED,9,
2026-02-13,2026-02-14,XXXX-XXXX-XXXX-5678,MYNTRA.IN BANGALORE IN,Shopping,616.55,INR,,PURCHASE,POSTED,6,ORD2602131082
2026-02-14,2026-02-14,XXXX-XXXX-XXXX-5678,FLIPKART.IN BANGALORE IN,Shopping,4758.30,INR,,PURCHASE,POSTED,48,ORD2602141083
2026-02-16,2026-02-16,XXXX-XXXX-XXXX-5678,INDIAN OIL CHENNAI,Fuel,2866.46,INR,,PURCHASE,POSTED,29,
2026-02-21,2026-02-22,XXXX-XXXX-XXXX-5678,BIGBASKET.IN BANGALORE IN,Shopping,1234.05,INR,,PURCHASE,POSTED,12,ORD2602211086
2026-02-21,2026-02-21,XXXX-XXXX-XXXX-5678,APOLLO PHARMACY CHENNAI,Health,1701.92,INR,,PURCHASE,POSTED,17,
2026-02-23,2026-02-23,XXXX-XXXX-XXXX-5678,STARBUCKS COFFEE CHENNAI,Dining,3118.33,INR,,PURCHASE,POSTED,31,
2026-02-23,2026-02-23,XXXX-XXXX-XXXX-5678,RELIANCE SMART BAZAAR,Grocery,509.68,INR,,PURCHASE,POSTED,5,
2026-02-24,2026-02-25,XXXX-XXXX-XXXX-5678,RELIANCE SMART BAZAAR,Grocery,2317.16,INR,,PURCHASE,POSTED,23,
2026-02-25,2026-02-27,XXXX-XXXX-XXXX-5678,INDIAN OIL CHENNAI,Fuel,1050.57,INR,,PURCHASE,POSTED,11,
2026-02-26,2026-02-27,XXXX-XXXX-XXXX-5678,BIGBASKET.IN BANGALORE IN REFUND,Shopping,-1234.05,INR,,REFUND,POSTED,0,ORD2602211086
2026-02-28,2026-03-02,XXXX-XXXX-XXXX-5678,CROMA.IN BANGALORE IN,Shopping,1697.44,INR,,PURCHASE,POSTED,17,ORD2602281090
2026-02-28,2026-02-28,XXXX-XXXX-XXXX-5678,DECATHLON SPORTS CHENNAI,Shopping,797.82,INR,,PURCHASE,POSTED,8,
2026-03-01,2026-03-02,XXXX-XXXX-XXXX-5678,DECATHLON SPORTS CHENNAI,Shopping,316.20,INR,,PURCHASE,POSTED,3,
2026-03-01,2026-03-03,XXXX-XXXX-XXXX-5678,APOLLO PHARMACY CHENNAI,Health,2657.71,INR,,PURCHASE,POSTED,27,
2026-03-02,2026-03-02,XXXX-XXXX-XXXX-5678,NETFLIX.COM 866-579-7172,Entertainment,649.00,INR,,PURCHASE,POSTED,6,
2026-03-04,2026-03-04,XXXX-XXXX-XXXX-5678,SPOTIFY INDIA,Entertainment,119.00,INR,,PURCHASE,POSTED,1,
2026-03-05,2026-03-05,XXXX-XXXX-XXXX-5678,EMI-CROMA ELECTRONICS (INSTALLMENT 4/6),EMI,4166.67,INR,,EMI,POSTED,42,
2026-03-06,2026-03-06,XXXX-XXXX-XXXX-5678,DECATHLON SPORTS CHENNAI,Shopping,3085.75,INR,,PURCHASE,POSTED,31,
2026-03-11,2026-03-12,XXXX-XXXX-XXXX-5678,INDIAN OIL CHENNAI,Fuel,1068.12,INR,,PURCHASE,POSTED,11,
2026-03-16,2026-03-16,XXXX-XXXX-XXXX-5678,APOLLO PHARMACY CHENNAI,Health,2417.22,INR,,PURCHASE,POSTED,24,
2026-03-18,2026-03-18,XXXX-XXXX-XXXX-5678,STARBUCKS COFFEE CHENNAI,Dining,1778.62,INR,,PURCHASE,POSTED,18,
2026-03-19,2026-03-21,XXXX-XXXX-XXXX-5678,APOLLO PHARMACY CHENNAI,Health,326.60,INR,,PURCHASE,POSTED,3,
2026-03-20,2026-03-21,XXXX-XXXX-XXXX-5678,AMAZON.IN BANGALORE IN,Shopping,1234.05,INR,,PURCHASE,POSTED,12,ORD2603201098
2026-03-20,2026-03-20,XXXX-XXXX-XXXX-5678,MYNTRA.IN BANGALORE IN,Shopping,10706.40,INR,,PURCHASE,POSTED,107,ORD2603201099
2026-03-21,2026-03-21,XXXX-XXXX-XXXX-5678,AJIO.IN BANGALORE IN,Shopping,5445.00,INR,,PURCHASE,POSTED,54,ORD2603211102
2026-03-21,2026-03-23,XXXX-XXXX-XXXX-5678,PVR CINEMAS CHENNAI,Entertainment,397.96,INR,,PURCHASE,POSTED,4,
2026-03-22,2026-03-23,XXXX-XXXX-XXXX-5678,BIGBASKET.IN BANGALORE IN,Shopping,2798.70,INR,,PURCHASE,POSTED,28,ORD2603221103
2026-03-22,2026-03-24,XXXX-XXXX-XXXX-5678,STARBUCKS COFFEE CHENNAI,Dining,2618.48,INR,,PURCHASE,POSTED,26,
2026-03-24,2026-03-24,XXXX-XXXX-XXXX-5678,NATURALS ICE CREAM CHENNAI,Dining,1709.17,INR,,PURCHASE,POSTED,17,
2026-03-31,2026-04-01,XXXX-XXXX-XXXX-5678,CROMA.IN BANGALORE IN,Shopping,1543.97,INR,,PURCHASE,POSTED,15,ORD2603311104
2026-04-02,2026-04-02,XXXX-XXXX-XXXX-5678,NETFLIX.COM 866-579-7172,Entertainment,649.00,INR,,PURCHASE,POSTED,6,
2026-04-04,2026-04-04,XXXX-XXXX-XXXX-5678,SPOTIFY INDIA,Entertainment,119.00,INR,,PURCHASE,POSTED,1,
2026-04-04,2026-04-06,XXXX-XXXX-XXXX-5678,APOLLO PHARMACY CHENNAI,Health,1612.78,INR,,PURCHASE,POSTED,16,
2026-04-05,2026-04-05,XXXX-XXXX-XXXX-5678,EMI-CROMA ELECTRONICS (INSTALLMENT 5/6),EMI,4166.67,INR,,EMI,POSTED,42,
2026-04-07,2026-04-09,XXXX-XXXX-XXXX-5678,DECATHLON SPORTS CHENNAI,Shopping,2245.33,INR,,PURCHASE,POSTED,22,
2026-04-14,2026-04-15,XXXX-XXXX-XXXX-5678,STARBUCKS COFFEE CHENNAI,Dining,983.09,INR,,PURCHASE,POSTED,10,
2026-04-14,2026-04-14,XXXX-XXXX-XXXX-5678,PVR CINEMAS CHENNAI,Entertainment,1759.28,INR,,PURCHASE,POSTED,18,
2026-04-17,2026-04-17,XXXX-XXXX-XXXX-5678,AJIO.IN BANGALORE IN,Shopping,3298.00,INR,,PURCHASE,POSTED,33,ORD2604171119
2026-04-17,2026-04-18,XXXX-XXXX-XXXX-5678,PVR CINEMAS CHENNAI,Entertainment,2499.83,INR,,PURCHASE,POSTED,25,
2026-04-17,2026-04-18,XXXX-XXXX-XXXX-5678,DECATHLON SPORTS CHENNAI,Shopping,2286.09,INR,,PURCHASE,POSTED,23,
2026-04-20,2026-04-21,XXXX-XXXX-XXXX-5678,NATURALS ICE CREAM CHENNAI,Dining,2685.72,INR,,PURCHASE,POSTED,27,
2026-04-22,2026-04-22,XXXX-XXXX-XXXX-5678,NYKAA.IN BANGALORE IN,Shopping,809.10,INR,,PURCHASE,POSTED,8,ORD2604221120
2026-04-22,2026-04-22,XXXX-XXXX-XXXX-5678,NATURALS ICE CREAM CHENNAI,Dining,2639.76,INR,,PURCHASE,POSTED,26,
2026-04-24,2026-04-26,XXXX-XXXX-XXXX-5678,BIGBASKET.IN BANGALORE IN,Shopping,2468.10,INR,,PURCHASE,POSTED,25,ORD2604241121
2026-04-26,2026-04-27,XXXX-XXXX-XXXX-5678,DECATHLON SPORTS CHENNAI,Shopping,430.22,INR,,PURCHASE,POSTED,4,
2026-04-29,2026-05-01,XXXX-XXXX-XXXX-5678,INDIAN OIL CHENNAI,Fuel,535.32,INR,,PURCHASE,POSTED,5,
2026-05-01,2026-05-03,XXXX-XXXX-XXXX-5678,PVR CINEMAS CHENNAI,Entertainment,2919.39,INR,,PURCHASE,POSTED,29,
2026-05-02,2026-05-02,XXXX-XXXX-XXXX-5678,NETFLIX.COM 866-579-7172,Entertainment,649.00,INR,,PURCHASE,POSTED,6,
2026-05-04,2026-05-04,XXXX-XXXX-XXXX-5678,SPOTIFY INDIA,Entertainment,119.00,INR,,PURCHASE,POSTED,1,
2026-05-04,2026-05-05,XXXX-XXXX-XXXX-5678,DECATHLON SPORTS CHENNAI,Shopping,2127.34,INR,,PURCHASE,POSTED,21,
2026-05-05,2026-05-05,XXXX-XXXX-XXXX-5678,EMI-CROMA ELECTRONICS (INSTALLMENT 6/6),EMI,4166.67,INR,,EMI,POSTED,42,
2026-05-06,2026-05-06,XXXX-XXXX-XXXX-5678,APOLLO PHARMACY CHENNAI,Health,2810.24,INR,,PURCHASE,POSTED,28,
2026-05-07,2026-05-07,XXXX-XXXX-XXXX-5678,AMAZON.IN BANGALORE IN,Shopping,4999.00,INR,,PURCHASE,POSTED,50,ORD2605071127
2026-05-07,2026-05-07,XXXX-XXXX-XXXX-5678,DECATHLON SPORTS CHENNAI,Shopping,1980.77,INR,,PURCHASE,POSTED,20,
2026-05-09,2026-05-10,XXXX-XXXX-XXXX-5678,PVR CINEMAS CHENNAI,Entertainment,1300.32,INR,,PURCHASE,POSTED,13,
2026-05-10,2026-05-12,XXXX-XXXX-XXXX-5678,RELIANCE SMART BAZAAR,Grocery,3016.08,INR,,PURCHASE,POSTED,30,
2026-05-11,2026-05-13,XXXX-XXXX-XXXX-5678,PVR CINEMAS CHENNAI,Entertainment,1551.01,INR,,PURCHASE,POSTED,16,
2026-05-11,2026-05-13,XXXX-XXXX-XXXX-5678,STARBUCKS COFFEE CHENNAI,Dining,1116.45,INR,,PURCHASE,POSTED,11,
2026-05-17,2026-05-17,XXXX-XXXX-XXXX-5678,APOLLO PHARMACY CHENNAI,Health,1125.45,INR,,PURCHASE,POSTED,11,
2026-05-18,2026-05-19,XXXX-XXXX-XXXX-5678,MYNTRA.IN BANGALORE IN,Shopping,3897.00,INR,,PURCHASE,POSTED,39,ORD2605181132
2026-05-24,2026-05-26,XXXX-XXXX-XXXX-5678,AJIO.IN BANGALORE IN,Shopping,719.10,INR,,PURCHASE,POSTED,7,ORD2605241135
2026-05-24,2026-05-26,XXXX-XXXX-XXXX-5678,STARBUCKS COFFEE CHENNAI,Dining,1724.41,INR,,PURCHASE,POSTED,17,
2026-06-01,2026-06-01,XXXX-XXXX-XXXX-5678,DECATHLON SPORTS CHENNAI,Shopping,394.14,INR,,PURCHASE,POSTED,4,
2026-06-02,2026-06-02,XXXX-XXXX-XXXX-5678,NETFLIX.COM 866-579-7172,Entertainment,649.00,INR,,PURCHASE,POSTED,6,
2026-06-04,2026-06-04,XXXX-XXXX-XXXX-5678,SPOTIFY INDIA,Entertainment,119.00,INR,,PURCHASE,POSTED,1,
2026-06-05,2026-06-05,XXXX-XXXX-XXXX-5678,AMAZON.IN BANGALORE IN,Shopping,465.00,INR,,PURCHASE,POSTED,5,ORD2606051141
2026-06-07,2026-06-08,XXXX-XXXX-XXXX-5678,DECATHLON SPORTS CHENNAI,Shopping,2956.04,INR,,PURCHASE,POSTED,30,
2026-06-08,2026-06-10,XXXX-XXXX-XXXX-5678,MYNTRA.IN BANGALORE IN,Shopping,2196.00,INR,,PURCHASE,POSTED,22,ORD2606081142
2026-06-08,2026-06-10,XXXX-XXXX-XXXX-5678,MYNTRA.IN BANGALORE IN REFUND,Shopping,-2196.00,INR,,REFUND,POSTED,0,ORD2606081142
2026-06-08,2026-06-09,XXXX-XXXX-XXXX-5678,CANVA PRO SUBSCRIPTION SYDNEY AU,Subscription,1079.32,USD,12.99,PURCHASE,POSTED,11,
2026-06-08,2026-06-09,XXXX-XXXX-XXXX-5678,FOREX MARKUP FEE - CANVA PRO,Fee,35.20,INR,,FEE,POSTED,0,
2026-06-11,2026-06-11,XXXX-XXXX-XXXX-5678,NATURALS ICE CREAM CHENNAI,Dining,2896.50,INR,,PURCHASE,POSTED,29,
2026-06-11,2026-06-11,XXXX-XXXX-XXXX-5678,NATURALS ICE CREAM CHENNAI,Dining,797.13,INR,,PURCHASE,POSTED,8,
2026-06-14,2026-06-14,XXXX-XXXX-XXXX-5678,APOLLO PHARMACY CHENNAI,Health,2240.78,INR,,PURCHASE,POSTED,22,
2026-06-15,2026-06-16,XXXX-XXXX-XXXX-5678,MYNTRA.IN BANGALORE IN,Shopping,1138.10,INR,,PURCHASE,POSTED,11,ORD2606151145
2026-06-16,2026-06-16,XXXX-XXXX-XXXX-5678,AJIO.IN BANGALORE IN,Shopping,657.90,INR,,PURCHASE,POSTED,7,ORD2606161146
2026-06-17,2026-06-19,XXXX-XXXX-XXXX-5678,FLIPKART.IN BANGALORE IN,Shopping,663.10,INR,,PURCHASE,POSTED,7,ORD2606171147
2026-06-18,2026-06-18,XXXX-XXXX-XXXX-5678,INDIAN OIL CHENNAI,Fuel,2808.91,INR,,PURCHASE,POSTED,28,
2026-06-23,2026-06-25,XXXX-XXXX-XXXX-5678,INDIAN OIL CHENNAI,Fuel,1052.18,INR,,PURCHASE,POSTED,11,
2026-06-23,2026-06-23,XXXX-XXXX-XXXX-5678,NATURALS ICE CREAM CHENNAI,Dining,664.39,INR,,PURCHASE,POSTED,7,
2026-06-26,2026-06-26,XXXX-XXXX-XXXX-5678,INDIAN OIL CHENNAI,Fuel,2887.42,INR,,PURCHASE,POSTED,29,
2026-06-28,2026-06-28,XXXX-XXXX-XXXX-5678,AMAZON.IN BANGALORE IN,Shopping,711.55,INR,,PURCHASE,POSTED,7,ORD2606281152
2026-06-28,2026-06-30,XXXX-XXXX-XXXX-5678,NATURALS ICE CREAM CHENNAI,Dining,1624.47,INR,,PURCHASE,POSTED,16,
2026-06-30,2026-07-02,XXXX-XXXX-XXXX-5678,NYKAA.IN BANGALORE IN,Shopping,1078.20,INR,,PURCHASE,POSTED,11,ORD2606301153
2026-07-01,2026-07-02,XXXX-XXXX-XXXX-5678,NYKAA.IN BANGALORE IN,Shopping,1247.00,INR,,PURCHASE,POSTED,12,ORD2607011155
2026-07-02,2026-07-02,XXXX-XXXX-XXXX-5678,NETFLIX.COM 866-579-7172,Entertainment,649.00,INR,,PURCHASE,POSTED,6,
2026-07-03,2026-07-03,XXXX-XXXX-XXXX-5678,NATURALS ICE CREAM CHENNAI,Dining,2654.22,INR,,PURCHASE,POSTED,27,
2026-07-04,2026-07-04,XXXX-XXXX-XXXX-5678,SPOTIFY INDIA,Entertainment,119.00,INR,,PURCHASE,POSTED,1,
2026-07-05,2026-07-06,XXXX-XXXX-XXXX-5678,NATURALS ICE CREAM CHENNAI,Dining,1908.14,INR,,PURCHASE,POSTED,19,
2026-07-05,2026-07-05,XXXX-XXXX-XXXX-5678,PVR CINEMAS CHENNAI,Entertainment,622.68,INR,,PURCHASE,POSTED,6,
2026-07-06,2026-07-08,XXXX-XXXX-XXXX-5678,DECATHLON SPORTS CHENNAI,Shopping,3057.40,INR,,PURCHASE,POSTED,31,
2026-07-07,2026-07-07,XXXX-XXXX-XXXX-5678,AJIO.IN BANGALORE IN,Shopping,3935.70,INR,,PURCHASE,POSTED,39,ORD2607071161
2026-07-09,2026-07-09,XXXX-XXXX-XXXX-5678,CROMA.IN BANGALORE IN,Shopping,2754.32,INR,,PURCHASE,POSTED,28,ORD2607091162
2026-07-09,2026-07-11,XXXX-XXXX-XXXX-5678,CROMA.IN BANGALORE IN REFUND,Shopping,-2754.32,INR,,REFUND,POSTED,0,ORD2607091162
2026-07-09,2026-07-11,XXXX-XXXX-XXXX-5678,BIGBASKET.IN BANGALORE IN,Shopping,2135.60,INR,,PURCHASE,POSTED,21,ORD2607091163
2026-07-09,2026-07-10,XXXX-XXXX-XXXX-5678,RELIANCE SMART BAZAAR,Grocery,1950.60,INR,,PURCHASE,POSTED,20,
2026-07-09,2026-07-11,XXXX-XXXX-XXXX-5678,UNKNOWN MERCHANT SINGAPORE SG,Uncategorized,2450.00,INR,,PURCHASE,DISPUTED,24,
2026-07-15,2026-07-15,XXXX-XXXX-XXXX-5678,RELIANCE SMART BAZAAR,Grocery,1644.24,INR,,PURCHASE,POSTED,16,
2026-07-19,2026-07-20,XXXX-XXXX-XXXX-5678,INDIAN OIL CHENNAI,Fuel,2174.18,INR,,PURCHASE,POSTED,22,
2026-07-21,2026-07-22,XXXX-XXXX-XXXX-5678,APOLLO PHARMACY CHENNAI,Health,1914.25,INR,,PURCHASE,POSTED,19,
2026-07-22,2026-07-22,XXXX-XXXX-XXXX-5678,RELIANCE SMART BAZAAR,Grocery,205.75,INR,,PURCHASE,POSTED,2,
2026-07-23,2026-07-23,XXXX-XXXX-XXXX-5678,AJIO.IN BANGALORE IN,Shopping,9049.10,INR,,PURCHASE,POSTED,90,ORD2607231166
2026-07-23,2026-07-25,XXXX-XXXX-XXXX-5678,RELIANCE SMART BAZAAR,Grocery,743.20,INR,,PURCHASE,POSTED,7,
2026-07-30,2026-07-30,XXXX-XXXX-XXXX-5678,CROMA.IN BANGALORE IN,Shopping,3325.15,INR,,PURCHASE,POSTED,33,ORD2607301170
2026-07-31,2026-08-02,XXXX-XXXX-XXXX-5678,AJIO.IN BANGALORE IN,Shopping,808.20,INR,,PURCHASE,POSTED,8,ORD2607311171
2026-08-02,2026-08-02,XXXX-XXXX-XXXX-5678,NETFLIX.COM 866-579-7172,Entertainment,649.00,INR,,PURCHASE,POSTED,6,
2026-08-03,2026-08-03,XXXX-XXXX-XXXX-5678,NATURALS ICE CREAM CHENNAI,Dining,453.94,INR,,PURCHASE,POSTED,5,
2026-08-04,2026-08-04,XXXX-XXXX-XXXX-5678,SPOTIFY INDIA,Entertainment,119.00,INR,,PURCHASE,POSTED,1,
2026-08-05,2026-08-05,XXXX-XXXX-XXXX-5678,NATURALS ICE CREAM CHENNAI,Dining,2949.46,INR,,PURCHASE,POSTED,29,
2026-08-08,2026-08-09,XXXX-XXXX-XXXX-5678,PVR CINEMAS CHENNAI,Entertainment,1178.97,INR,,PURCHASE,POSTED,12,
2026-08-12,2026-08-13,XXXX-XXXX-XXXX-5678,AJIO.IN BANGALORE IN,Shopping,663.10,INR,,PURCHASE,POSTED,7,ORD2608121180
2026-08-12,2026-08-12,XXXX-XXXX-XXXX-5678,APOLLO PHARMACY CHENNAI,Health,1254.43,INR,,PURCHASE,POSTED,13,
2026-08-19,2026-08-21,XXXX-XXXX-XXXX-5678,RELIANCE SMART BAZAAR,Grocery,2953.10,INR,,PURCHASE,POSTED,30,
2026-08-20,2026-08-22,XXXX-XXXX-XXXX-5678,PVR CINEMAS CHENNAI,Entertainment,2274.76,INR,,PURCHASE,POSTED,23,
2026-08-20,2026-08-20,XXXX-XXXX-XXXX-5678,APOLLO PHARMACY CHENNAI,Health,996.62,INR,,PURCHASE,POSTED,10,
2026-08-22,2026-08-22,XXXX-XXXX-XXXX-5678,DECATHLON SPORTS CHENNAI,Shopping,1250.36,INR,,PURCHASE,POSTED,13,
2026-08-23,2026-08-23,XXXX-XXXX-XXXX-5678,BIGBASKET.IN BANGALORE IN,Shopping,339.00,INR,,PURCHASE,POSTED,3,ORD2608231183
2026-08-26,2026-08-26,XXXX-XXXX-XXXX-5678,PVR CINEMAS CHENNAI,Entertainment,2276.89,INR,,PURCHASE,POSTED,23,
2026-08-28,2026-08-28,XXXX-XXXX-XXXX-5678,DECATHLON SPORTS CHENNAI,Shopping,3037.64,INR,,PURCHASE,POSTED,30,
2026-09-02,2026-09-02,XXXX-XXXX-XXXX-5678,FLIPKART.IN BANGALORE IN,Shopping,1868.30,INR,,PURCHASE,POSTED,19,ORD2609021187
2026-09-02,2026-09-02,XXXX-XXXX-XXXX-5678,NETFLIX.COM 866-579-7172,Entertainment,649.00,INR,,PURCHASE,POSTED,6,
2026-09-04,2026-09-04,XXXX-XXXX-XXXX-5678,CROMA.IN BANGALORE IN,Shopping,6697.83,INR,,PURCHASE,POSTED,67,ORD2609041189
2026-09-04,2026-09-04,XXXX-XXXX-XXXX-5678,SPOTIFY INDIA,Entertainment,119.00,INR,,PURCHASE,POSTED,1,
2026-09-05,2026-09-06,XXXX-XXXX-XXXX-5678,STARBUCKS COFFEE CHENNAI,Dining,3035.22,INR,,PURCHASE,POSTED,30,
2026-09-05,2026-09-05,XXXX-XXXX-XXXX-5678,INDIAN OIL CHENNAI,Fuel,1570.15,INR,,PURCHASE,POSTED,16,
2026-09-06,2026-09-08,XXXX-XXXX-XXXX-5678,CROMA.IN BANGALORE IN REFUND,Shopping,-6697.83,INR,,REFUND,POSTED,0,ORD2609041189
2026-09-06,2026-09-06,XXXX-XXXX-XXXX-5678,MYNTRA.IN BANGALORE IN,Shopping,4198.00,INR,,PURCHASE,POSTED,42,ORD2609061191
2026-09-06,2026-09-07,XXXX-XXXX-XXXX-5678,BIGBASKET.IN BANGALORE IN,Shopping,1174.00,INR,,PURCHASE,POSTED,12,ORD2609061192
2026-09-08,2026-09-10,XXXX-XXXX-XXXX-5678,CROMA.IN BANGALORE IN,Shopping,3567.10,INR,,PURCHASE,POSTED,36,ORD2609081194
2026-09-10,2026-09-10,XXXX-XXXX-XXXX-5678,STARBUCKS COFFEE CHENNAI,Dining,1599.69,INR,,PURCHASE,POSTED,16,
2026-09-13,2026-09-13,XXXX-XXXX-XXXX-5678,BIGBASKET.IN BANGALORE IN,Shopping,1448.00,INR,,PURCHASE,POSTED,14,ORD2609131198
2026-09-14,2026-09-14,XXXX-XXXX-XXXX-5678,AJIO.IN BANGALORE IN,Shopping,1299.00,INR,,PURCHASE,POSTED,13,ORD2609141199
2026-09-14,2026-09-16,XXXX-XXXX-XXXX-5678,RELIANCE SMART BAZAAR,Grocery,3085.03,INR,,PURCHASE,POSTED,31,
2026-09-15,2026-09-15,XXXX-XXXX-XXXX-5678,PVR CINEMAS CHENNAI,Entertainment,233.08,INR,,PURCHASE,POSTED,2,
2026-09-16,2026-09-16,XXXX-XXXX-XXXX-5678,PVR CINEMAS CHENNAI,Entertainment,2882.37,INR,,PURCHASE,POSTED,29,
2026-09-20,2026-09-22,XXXX-XXXX-XXXX-5678,STARBUCKS COFFEE CHENNAI,Dining,2292.26,INR,,PURCHASE,POSTED,23,
2026-09-21,2026-09-21,XXXX-XXXX-XXXX-5678,STARBUCKS COFFEE CHENNAI,Dining,2069.73,INR,,PURCHASE,POSTED,21,
2026-09-22,2026-09-24,XXXX-XXXX-XXXX-5678,CROMA.IN BANGALORE IN,Shopping,6039.20,INR,,PURCHASE,POSTED,60,ORD2609221202
2026-09-22,2026-09-22,XXXX-XXXX-XXXX-5678,INDIAN OIL CHENNAI,Fuel,2679.16,INR,,PURCHASE,POSTED,27,
2026-09-23,2026-09-24,XXXX-XXXX-XXXX-5678,RELIANCE SMART BAZAAR,Grocery,968.86,INR,,PURCHASE,POSTED,10,
2026-09-24,2026-09-24,XXXX-XXXX-XXXX-5678,CROMA.IN BANGALORE IN,Shopping,3081.30,INR,,PURCHASE,POSTED,31,ORD2609241204
2026-09-25,2026-09-25,XXXX-XXXX-XXXX-5678,FLIPKART.IN BANGALORE IN,Shopping,498.00,INR,,PURCHASE,POSTED,5,ORD2609251205
