transaction_id,date,time,direction,counterparty_vpa,counterparty_name,amount_inr,status,utr_number,remarks
UPI250926299132,2025-09-26,07:35:14,DEBIT,bookmyshow@hdfcbank,BookMyShow,1045.51,SUCCESS,233108133201,Payment to BookMyShow
UPI250926153672,2025-09-26,17:39:09,DEBIT,uberindia@yesbank,Uber,365.58,SUCCESS,818257841559,Payment to Uber
UPI250926235653,2025-09-26,19:04:37,DEBIT,jioprepaid@icici,Jio,265.30,PENDING,NA,Payment to Jio
UPI250928657030,2025-09-28,14:57:52,DEBIT,swiggy-food@axisbank,Swiggy,1009.89,SUCCESS,783092314151,Payment to Swiggy
UPI251002643091,2025-10-02,21:55:40,DEBIT,zomato-order@icici,Zomato,157.11,FAILED,,Payment to Zomato
UPI251003986894,2025-10-03,08:07:28,CREDIT,suresh.iyer45@apl,Suresh Iyer,3784.94,PENDING,,Movie tickets
UPI251003453709,2025-10-03,08:59:58,DEBIT,flipkart@axisbank,Flipkart,2398.40,SUCCESS,710711422846,Payment for order ORD2510031008
UPI251003374776,2025-10-03,11:55:03,DEBIT,anitha.rao87@oksbi,Anitha Rao,4551.90,SUCCESS,132515972063,
UPI251003915255,2025-10-03,20:49:56,DEBIT,nykaa@icici,Nykaa,1048.00,Failed,,Payment for order ORD2510031007
UPI251003041358,2025-10-03,20:58:56,DEBIT,nykaa@icici,Nykaa,1048.00,SUCCESS,857095158591,Payment for order ORD2510031007
UPI251003189916,2025-10-03,21:14:34,DEBIT,ajio@icici,Ajio,5934.65,SUCCESS,172888181768,Payment for order ORD2510031006
UPI251003300379,2025-10-03,22:53:39,CREDIT,manoj.pillai38@paytm,Manoj Pillai,3307.40,SUCCESS,182109312569,Movie tickets
UPI251004470052,2025-10-04,11:37:56,DEBIT,ajio@icici,Ajio,1908.25,SUCCESS,787001299672,Payment for order ORD2510041009
UPI251004195184,2025-10-04,18:03:37,DEBIT,olacabs@icici,Ola,864.37,SUCCESS,512177328485,Payment to Ola
UPI251004981558,2025-10-04,21:25:14,DEBIT,bigbasket@ybl,BigBasket,2799.20,SUCCESS,342990325759,Payment for order ORD2510041010
UPI251005632173,2025-10-05,14:05:19,DEBIT,ganesh.sharma26@apl,Ganesh Sharma,4049.43,SUCCESS,699214217027,
UPI251005059753,2025-10-05,21:24:59,DEBIT,ajio@icici,Ajio,10647.00,SUCCESS,037902246418,Payment for order ORD2510051011
UPI251006739152,2025-10-06,22:57:31,DEBIT,olacabs@icici,Ola,627.52,PENDING,-,Payment to Ola
UPI251009056044,2025-10-09,09:34:16,CREDIT,lakshmi.sharma74@ybl,Lakshmi Sharma,4397.50,FAILED,-,Rent share
UPI251009751836,2025-10-09,13:30:20,CREDIT,deepa.menon63@paytm,Deepa Menon,4865.15,SUCCESS,123578355061,Gift
UPI251009588571,2025-10-09,17:51:30,DEBIT,bookmyshow@hdfcbank,BookMyShow,467.33,FAILURE,NA,Payment to BookMyShow
UPI251009171875,2025-10-09,18:46:32,DEBIT,jioprepaid@icici,Jio,580.79,Success,519188925737,Payment to Jio
UPI251010069865,2025-10-10,22:07:34,DEBIT,tangedco-billpay@sbi,Electricity Board,154.29,FAILED,NA,Payment to Electricity Board
UPI251011712590,2025-10-11,12:12:36,CREDIT,ajio@icici,Ajio,5934.65,SUCCESS,630500937412,Refund for order ORD2510031006
UPI251012920813,2025-10-12,15:22:36,DEBIT,amazon@apl,Amazon,674.10,SUCCESS,691543214558,Payment for order ORD2510121015
UPI251012680688,2025-10-12,23:05:45,DEBIT,airtel-prepaid@paytm,Airtel,178.72,SUCCESS,069504269083,Payment to Airtel
UPI251016085586,2025-10-16,11:43:45,DEBIT,jioprepaid@icici,Jio,818.26,SUCCESS,655397527858,Payment to Jio
UPI251017650557,2025-10-17,14:22:55,DEBIT,nykaa@icici,Nykaa,1424.05,SUCCESS,853352230767,Payment for order ORD2510171020
UPI251017371158,2025-10-17,18:35:52,DEBIT,airtel-prepaid@paytm,Airtel,1174.59,SUCCESS,898204907969,Payment to Airtel
UPI251018254035,2025-10-18,11:57:21,CREDIT,manoj.reddy54@okhdfcbank,Manoj Reddy,854.18,success,020663258114,Trip expenses
UPI251018291244,2025-10-18,19:36:49,DEBIT,bigbasket@ybl,BigBasket,466.55,SUCCESS,498513919249,Payment for order ORD2510181021
UPI251020446769,2025-10-20,08:46:50,DEBIT,jioprepaid@icici,Jio,729.15,SUCCESS,882943131853,Payment to Jio
UPI251020617524,2025-10-20,21:22:49,CREDIT,bigbasket@ybl,BigBasket,466.55,SUCCESS,480243030673,Refund for cancelled order ORD2510181021
UPI251021833283,2025-10-21,10:09:57,CREDIT,anitha.menon21@okaxis,Anitha Menon,4656.15,SUCCESS,382333603723,
UPI251023387283,2025-10-23,08:13:32,DEBIT,olacabs@icici,Ola,1028.69,SUCCESS,227062949436,Payment to Ola
UPI251023549170,2025-10-23,11:21:27,CREDIT,arjun.pillai31@ybl,Arjun Pillai,2634.86,SUCCESS,516772915039,
UPI251023125260,2025-10-23,16:51:57,DEBIT,deepa.subramaniam39@okhdfcbank,Deepa Subramaniam,4618.58,Success,617881919015,
UPI251023969379,2025-10-23,17:19:48,DEBIT,jioprepaid@icici,Jio,1108.77,SUCCESS,619867152899,Payment to Jio
UPI251027076952,2025-10-27,13:20:20,DEBIT,nykaa@icici,Nykaa,1023.00,SUCCESS,060195796470,Payment for order ORD2510271027
UPI251027330290,2025-10-27,16:55:32,DEBIT,myntra@ybl,Myntra,389.00,SUCCESS,119520348050,Payment for order ORD2510271026
UPI251029506952,2025-10-29,17:36:41,CREDIT,nykaa@icici,Nykaa,1023.00,SUCCESS,102328155658,Refund for cancelled order ORD2510271027
UPI251030821114,2025-10-30,11:03:42,DEBIT,zomato-order@icici,Zomato,959.05,SUCCESS,052968611874,Payment to Zomato
UPI251030366586,2025-10-30,11:36:45,DEBIT,uberindia@yesbank,Uber,633.77,FAILED,NA,Payment to Uber
UPI251031066381,2025-10-31,21:42:37,DEBIT,tangedco-billpay@sbi,Electricity Board,199.05,SUCCESS,937539517928,Payment to Electricity Board
UPI251101697888,2025-11-01,15:15:02,CREDIT,vijay.rao51@paytm,Vijay Rao,2908.92,SUCCESS,347254189280,Trip expenses
UPI251102235133,2025-11-02,12:31:58,DEBIT,irctc@sbi,IRCTC,699.30,SUCCESS,590515951548,Payment to IRCTC
UPI251105330986,2025-11-05,23:42:44,DEBIT,uberindia@yesbank,Uber,598.04,SUCCESS,567533150469,Payment to Uber
UPI251106128452,2025-11-06,08:13:29,DEBIT,arjun.reddy44@paytm,Arjun Reddy,4788.21,SUCCESS,237344032941,Trip expenses
UPI251106878105,2025-11-06,22:29:42,DEBIT,uberindia@yesbank,Uber,1075.08,SUCCESS,298399681039,Payment to Uber
UPI251108714330,2025-11-08,10:35:25,CREDIT,kavya.reddy35@paytm,Kavya Reddy,1041.25,SUCCESS,709510003551,Movie tickets
UPI251109036390,2025-11-09,07:21:19,DEBIT,swiggy-food@axisbank,Swiggy,514.94,SUCCESS,209434762692,Payment to Swiggy
UPI251109182628,2025-11-09,07:41:20,DEBIT,ravi.subramaniam8@paytm,Ravi Subramaniam,731.24,SUCCESS,452272762246,Rent share
UPI251109476608,2025-11-09,20:14:54,DEBIT,zomato-order@icici,Zomato,723.82,SUCCESS,050963350010,Payment to Zomato
UPI251110887948,2025-11-10,19:20:14,DEBIT,uberindia@yesbank,Uber,794.35,SUCCESS,985736161852,Payment to Uber
UPI251110497786,2025-11-10,21:37:50,DEBIT,irctc@sbi,IRCTC,643.05,SUCCESS,708540707605,Payment to IRCTC
UPI251111394161,2025-11-11,11:07:44,DEBIT,tangedco-billpay@sbi,Electricity Board,98.15,SUCCESS,701532091624,Payment to Electricity Board
UPI251112353790,2025-11-12,22:50:37,DEBIT,kavya.krishnan73@paytm,Kavya Krishnan,2441.43,SUCCESS,741449481397,For dinner
UPI251113394704,2025-11-13,11:42:38,DEBIT,bigbasket@ybl,BigBasket,1470.60,success,878458842408,Payment for order ORD2511131033
UPI251113445368,2025-11-13,23:31:21,DEBIT,swiggy-food@axisbank,Swiggy,413.42,SUCCESS,499367493282,Payment to Swiggy
UPI251114523610,2025-11-14,22:06:41,DEBIT,flipkart@axisbank,Flipkart,4586.60,SUCCESS,921088382495,Payment for order ORD2511141034
UPI251115101612,2025-11-15,16:58:49,CREDIT,sneha.rao14@okicici,Sneha Rao,2069.64,SUCCESS,370671065339,
UPI251115722176,2025-11-15,22:36:51,DEBIT,swiggy-food@axisbank,Swiggy,1123.91,SUCCESS,202901153039,Payment to Swiggy
UPI251116280537,2025-11-16,11:57:11,DEBIT,nykaa@icici,Nykaa,309.10,Success,735673501016,Payment for order ORD2511161035
UPI251116701206,2025-11-16,14:28:33,CREDIT,lakshmi.iyer58@okhdfcbank,Lakshmi Iyer,4683.95,SUCCESS,815512624809,
UPI251117677454,2025-11-17,13:50:35,CREDIT,ganesh.nair88@okicici,Ganesh Nair,610.88,SUCCESS,803721359631,Movie tickets
UPI251117937342,2025-11-17,13:53:56,CREDIT,vijay.rao31@paytm,Vijay Rao,3026.15,SUCCESS,431967466966,For dinner
UPI251117663040,2025-11-17,18:03:14,DEBIT,croma@axisbank,Croma,1054.72,SUCCESS,463353564473,Payment for order ORD2511171036
UPI251118756339,2025-11-18,11:38:08,DEBIT,olacabs@icici,Ola,362.88,SUCCESS,747035882700,Payment to Ola
UPI251118424415,2025-11-18,12:30:55,DEBIT,bigbasket@ybl,BigBasket,1349.10,SUCCESS,073259973903,Payment for order ORD2511181037
UPI251119967389,2025-11-19,09:06:31,DEBIT,airtel-prepaid@paytm,Airtel,104.32,SUCCESS,217244198772,Payment to Airtel
UPI251119653521,2025-11-19,21:45:18,DEBIT,uberindia@yesbank,Uber,109.28,Success,455888359092,Payment to Uber
UPI251121726240,2025-11-21,18:02:49,DEBIT,croma@axisbank,Croma,8339.91,SUCCESS,120242851276,Payment for order ORD2511211038
UPI251122650933,2025-11-22,09:26:21,DEBIT,ajio@icici,Ajio,2658.10,SUCCESS,002893961005,Payment for order ORD2511221039
UPI251122562138,2025-11-22,09:26:28,DEBIT,swiggy-food@axisbank,Swiggy,735.52,SUCCESS,526044860572,Payment to Swiggy
UPI251123410380,2025-11-23,09:06:45,DEBIT,flipkart@axisbank,Flipkart,6568.20,FAILURE,-,Payment for order ORD2511231041
UPI251123685405,2025-11-23,09:17:45,DEBIT,flipkart@axisbank,Flipkart,6568.20,SUCCESS,078485646658,Payment for order ORD2511231041
UPI251123286023,2025-11-23,10:07:31,CREDIT,ajio@icici,Ajio,2658.10,SUCCESS,828818571533,Refund for cancelled order ORD2511221039
UPI251123819476,2025-11-23,12:38:47,DEBIT,anitha.krishnan97@paytm,Anitha Krishnan,1347.25,SUCCESS,887105128074,For dinner
UPI251123270204,2025-11-23,12:49:05,CREDIT,sneha.menon65@okicici,Sneha Menon,3942.99,SUCCESS,426430453916,Movie tickets
UPI251125714780,2025-11-25,10:43:30,CREDIT,manoj.pillai14@paytm,Manoj Pillai,1108.09,SUCCESS,890337211891,Gift
UPI251125764764,2025-11-25,17:56:01,DEBIT,ravi.menon48@okicici,Ravi Menon,2539.56,SUCCESS,975545919981,
UPI251125868446,2025-11-25,21:49:23,DEBIT,irctc@sbi,IRCTC,859.73,SUCCESS,047537547515,Payment to IRCTC
UPI251127834907,2025-11-27,09:08:45,DEBIT,jioprepaid@icici,Jio,1122.14,SUCCESS,817560248682,Payment to Jio
UPI251127662039,2025-11-27,20:24:09,DEBIT,ajio@icici,Ajio,2752.15,SUCCESS,849633119006,Payment for order ORD2511271043
UPI251127430041,2025-11-27,21:32:48,DEBIT,swiggy-food@axisbank,Swiggy,298.50,FAILED,-,Payment to Swiggy
UPI251128382539,2025-11-28,16:29:40,DEBIT,airtel-prepaid@paytm,Airtel,602.30,FAILURE,-,Payment to Airtel
UPI251129579077,2025-11-29,17:43:41,DEBIT,nykaa@icici,Nykaa,2135.60,SUCCESS,859863651684,Payment for order ORD2511291044
UPI251130260235,2025-11-30,09:43:56,DEBIT,airtel-prepaid@paytm,Airtel,1156.80,SUCCESS,494956269287,Payment to Airtel
UPI251201810016,2025-12-01,18:14:24,DEBIT,uberindia@yesbank,Uber,1015.85,SUCCESS,472263571627,Payment to Uber
UPI251201993362,2025-12-01,20:37:15,DEBIT,jioprepaid@icici,Jio,319.76,success,553488319447,Payment to Jio
UPI251201534199,2025-12-01,23:01:34,CREDIT,naveen.rao31@oksbi,Naveen Rao,1342.84,SUCCESS,004597442653,Gift
UPI251202009976,2025-12-02,12:13:27,DEBIT,bigbasket@ybl,BigBasket,1195.02,SUCCESS,817502852192,Payment to BigBasket
UPI251202394475,2025-12-02,17:04:40,DEBIT,flipkart@axisbank,Flipkart,2597.00,SUCCESS,897932185838,Payment for order ORD2512021045
UPI251202906277,2025-12-02,22:26:23,DEBIT,ravi.pillai54@apl,Ravi Pillai,2579.60,success,228628644131,
UPI251203057136,2025-12-03,22:00:09,DEBIT,olacabs@icici,Ola,445.76,SUCCESS,472412383721,Payment to Ola
UPI251204718891,2025-12-04,17:35:15,DEBIT,swiggy-food@axisbank,Swiggy,658.21,SUCCESS,949125560811,Payment to Swiggy
UPI251204227205,2025-12-04,18:15:43,CREDIT,flipkart@axisbank,Flipkart,2597.00,SUCCESS,656162461558,Refund for cancelled order ORD2512021045
UPI251204464717,2025-12-04,23:19:28,DEBIT,amazon@apl,Amazon,6505.60,Success,728202578395,Payment for order ORD2512041046
UPI251205745880,2025-12-05,13:23:07,CREDIT,ganesh.sharma66@okhdfcbank,Ganesh Sharma,1325.39,FAILURE,NA,Movie tickets
UPI251205208681,2025-12-05,19:06:40,DEBIT,uberindia@yesbank,Uber,957.20,Success,096247389750,Payment to Uber
UPI251206584805,2025-12-06,23:38:11,DEBIT,irctc@sbi,IRCTC,343.60,PENDING,NA,Payment to IRCTC
UPI251207805639,2025-12-07,22:11:44,DEBIT,zomato-order@icici,Zomato,624.86,FAILED,NA,Payment to Zomato
UPI251208132649,2025-12-08,09:33:40,DEBIT,flipkart@axisbank,Flipkart,4604.65,SUCCESS,507650466945,Payment for order ORD2512081048
UPI251208408309,2025-12-08,17:51:24,CREDIT,amazon@apl,Amazon,6505.60,SUCCESS,409248454347,Refund for cancelled order ORD2512041046
UPI251208344832,2025-12-08,19:44:34,DEBIT,uberindia@yesbank,Uber,1003.78,FAILED,NA,Payment to Uber
UPI251209939513,2025-12-09,14:24:54,DEBIT,croma@axisbank,Croma,2367.97,SUCCESS,511766867019,Payment for order ORD2512091050
UPI251209647606,2025-12-09,22:11:13,DEBIT,olacabs@icici,Ola,1176.19,SUCCESS,637675703548,Payment to Ola
UPI251213902117,2025-12-13,07:00:24,DEBIT,karthik.krishnan87@paytm,Karthik Krishnan,4197.89,success,717630398604,Rent share
UPI251213806109,2025-12-13,23:10:27,DEBIT,bookmyshow@hdfcbank,BookMyShow,1081.88,SUCCESS,749711164806,Payment to BookMyShow
UPI251214667217,2025-12-14,21:59:29,DEBIT,croma@axisbank,Croma,1698.47,SUCCESS,672803368048,Payment for order ORD2512141053
UPI251217858105,2025-12-17,13:05:45,CREDIT,ganesh.subramaniam56@okhdfcbank,Ganesh Subramaniam,2877.10,SUCCESS,444687777951,Rent share
UPI251217433064,2025-12-17,19:01:04,DEBIT,zomato-order@icici,Zomato,896.97,SUCCESS,112881263076,Payment to Zomato
UPI251217043526,2025-12-17,22:10:00,DEBIT,airtel-prepaid@paytm,Airtel,488.89,SUCCESS,455520849703,Payment to Airtel
UPI251217370918,2025-12-17,22:37:34,DEBIT,olacabs@icici,Ola,608.55,Success,634939255171,Payment to Ola
UPI251220255324,2025-12-20,10:44:14,DEBIT,uberindia@yesbank,Uber,182.85,SUCCESS,197337131230,Payment to Uber
UPI251221113190,2025-12-21,17:49:24,DEBIT,flipkart@axisbank,Flipkart,549.00,SUCCESS,171397035708,Payment for order ORD2512211055
UPI251223546828,2025-12-23,22:23:35,CREDIT,manoj.rao32@okicici,Manoj Rao,1106.66,SUCCESS,568289537569,Gift
UPI251224697205,2025-12-24,07:15:23,DEBIT,uberindia@yesbank,Uber,205.34,FAILED,NA,Payment to Uber
UPI251224346807,2025-12-24,14:38:11,DEBIT,vijay.subramaniam93@apl,Vijay Subramaniam,3771.16,SUCCESS,071186257238,Trip expenses
UPI251227318779,2025-12-27,11:33:13,DEBIT,jioprepaid@icici,Jio,167.21,SUCCESS,475340255441,Payment to Jio
UPI251227155527,2025-12-27,20:50:56,DEBIT,zomato-order@icici,Zomato,216.41,SUCCESS,705458150586,Payment to Zomato
UPI251228744982,2025-12-28,21:40:33,CREDIT,ganesh.iyer24@oksbi,Ganesh Iyer,3453.39,SUCCESS,295230134045,Gift
UPI251229920551,2025-12-29,07:07:41,DEBIT,irctc@sbi,IRCTC,721.98,SUCCESS,142882478878,Payment to IRCTC
UPI251229746993,2025-12-29,22:32:13,DEBIT,vijay.menon46@ybl,Vijay Menon,1392.06,SUCCESS,560442889922,Rent share
UPI251230865202,2025-12-30,09:53:29,CREDIT,ravi.iyer52@okaxis,Ravi Iyer,742.30,Success,290841805286,Movie tickets
UPI260101813881,2026-01-01,16:18:45,DEBIT,tangedco-billpay@sbi,Electricity Board,123.10,SUCCESS,314139040614,Payment to Electricity Board
UPI260102038976,2026-01-02,08:14:08,DEBIT,olacabs@icici,Ola,659.73,SUCCESS,022228670392,Payment to Ola
UPI260102197003,2026-01-02,12:19:22,CREDIT,divya.kumar12@okicici,Divya Kumar,4750.14,PENDING,NA,Movie tickets
UPI260102402469,2026-01-02,18:30:50,DEBIT,swiggy-food@axisbank,Swiggy,435.96,SUCCESS,122399913705,Payment to Swiggy
UPI260103025538,2026-01-03,20:37:37,DEBIT,croma@axisbank,Croma,4449.24,FAILURE,-,Payment for order ORD2601031061
UPI260103028484,2026-01-03,20:53:37,DEBIT,croma@axisbank,Croma,4449.24,SUCCESS,156448686044,Payment for order ORD2601031061
UPI260104618562,2026-01-04,21:43:07,DEBIT,bookmyshow@hdfcbank,BookMyShow,593.59,SUCCESS,512728781503,Payment to BookMyShow
UPI260105292854,2026-01-05,12:04:41,DEBIT,bigbasket@ybl,BigBasket,346.78,SUCCESS,882791244438,Payment to BigBasket
UPI260105323230,2026-01-05,12:38:57,DEBIT,irctc@sbi,IRCTC,1024.09,SUCCESS,974616430603,Payment to IRCTC
UPI260105164655,2026-01-05,20:37:28,DEBIT,bigbasket@ybl,BigBasket,1179.86,SUCCESS,286205845020,Payment to BigBasket
UPI260106695043,2026-01-06,08:41:20,DEBIT,myntra@ybl,Myntra,2299.00,FAILED,-,Payment for order ORD2601061063
UPI260106743399,2026-01-06,08:46:20,DEBIT,myntra@ybl,Myntra,2299.00,Success,767330261021,Payment for order ORD2601061063
UPI260109684432,2026-01-09,14:55:24,CREDIT,croma@axisbank,Croma,4449.24,SUCCESS,038577925537,Refund for order ORD2601031061
UPI260109926004,2026-01-09,15:12:19,DEBIT,vijay.krishnan7@oksbi,Vijay Krishnan,344.40,SUCCESS,399755145180,For dinner
UPI260110160012,2026-01-10,11:11:14,CREDIT,karthik.nair72@okhdfcbank,Karthik Nair,2191.59,SUCCESS,214985830813,Trip expenses
UPI260110827343,2026-01-10,22:11:00,CREDIT,myntra@ybl,Myntra,2299.00,SUCCESS,822381713106,Refund for cancelled order ORD2601061063
UPI260110238899,2026-01-10,22:47:48,DEBIT,suresh.reddy28@ybl,Suresh Reddy,2342.97,success,078708006146,For dinner
UPI260111762020,2026-01-11,14:42:53,DEBIT,flipkart@axisbank,Flipkart,2123.30,SUCCESS,274395824458,Payment for order ORD2601111064
UPI260111377416,2026-01-11,21:14:53,DEBIT,bookmyshow@hdfcbank,BookMyShow,199.22,SUCCESS,539662690861,Payment to BookMyShow
UPI260112885577,2026-01-12,17:51:40,DEBIT,jioprepaid@icici,Jio,1101.27,success,966971076492,Payment to Jio
UPI260113575780,2026-01-13,08:04:21,DEBIT,naveen.menon97@okicici,Naveen Menon,767.80,PENDING,NA,
UPI260113881475,2026-01-13,08:44:22,DEBIT,bigbasket@ybl,BigBasket,348.00,FAILED,-,Payment for order ORD2601131065
UPI260113071374,2026-01-13,08:53:22,DEBIT,bigbasket@ybl,BigBasket,348.00,Success,499813274394,Payment for order ORD2601131065
UPI260114360562,2026-01-14,11:51:42,CREDIT,flipkart@axisbank,Flipkart,2123.30,Success,438137226561,Refund for cancelled order ORD2601111064
UPI260114238438,2026-01-14,23:40:29,DEBIT,zomato-order@icici,Zomato,972.89,FAILED,-,Payment to Zomato
UPI260115146835,2026-01-15,18:04:10,DEBIT,anitha.reddy61@apl,Anitha Reddy,152.13,Success,656887886144,
UPI260116947065,2026-01-16,08:44:29,DEBIT,uberindia@yesbank,Uber,759.78,SUCCESS,898934701258,Payment to Uber
UPI260117168743,2026-01-17,08:25:26,DEBIT,kavya.sharma20@okicici,Kavya Sharma,378.58,PENDING,NA,
UPI260117183167,2026-01-17,16:51:47,DEBIT,uberindia@yesbank,Uber,307.35,SUCCESS,297151092642,Payment to Uber
UPI260118881735,2026-01-18,08:21:01,DEBIT,ganesh.reddy78@ybl,Ganesh Reddy,611.20,SUCCESS,409313664958,Rent share
UPI260119873480,2026-01-19,12:20:21,DEBIT,zomato-order@icici,Zomato,447.01,SUCCESS,356373405693,Payment to Zomato
UPI260123648015,2026-01-23,15:08:18,DEBIT,tangedco-billpay@sbi,Electricity Board,1069.30,SUCCESS,620824021314,Payment to Electricity Board
UPI260126452795,2026-01-26,16:03:11,DEBIT,olacabs@icici,Ola,356.89,PENDING,-,Payment to Ola
UPI260126540793,2026-01-26,17:42:47,DEBIT,uberindia@yesbank,Uber,93.40,PENDING,-,Payment to Uber
UPI260127700673,2026-01-27,20:15:21,CREDIT,naveen.kumar67@paytm,Naveen Kumar,1418.99,SUCCESS,992978621471,Gift
UPI260128467377,2026-01-28,10:39:31,CREDIT,meera.menon62@okhdfcbank,Meera Menon,4653.89,SUCCESS,168348790386,Gift
UPI260128838545,2026-01-28,12:54:24,CREDIT,karthik.reddy24@apl,Karthik Reddy,4431.74,SUCCESS,054032763552,Trip expenses
UPI260129532402,2026-01-29,08:34:38,DEBIT,flipkart@axisbank,Flipkart,749.00,FAILED,NA,Payment for order ORD2601291071
UPI260129557735,2026-01-29,08:37:38,DEBIT,flipkart@axisbank,Flipkart,749.00,SUCCESS,521418718129,Payment for order ORD2601291071
UPI260130359793,2026-01-30,19:36:54,DEBIT,anitha.krishnan96@okicici,Anitha Krishnan,1171.13,PENDING,NA,For dinner
UPI260201805495,2026-02-01,10:54:33,CREDIT,manoj.iyer1@paytm,Manoj Iyer,3549.23,SUCCESS,363091896860,Rent share
UPI260201323883,2026-02-01,18:12:18,DEBIT,myntra@ybl,Myntra,2173.00,SUCCESS,101079331224,Payment for order ORD2602011075
UPI260201131274,2026-02-01,22:19:09,DEBIT,nykaa@icici,Nykaa,309.10,Success,881573298084,Payment for order ORD2602011074
UPI260202890789,2026-02-02,21:14:30,CREDIT,sneha.iyer24@okhdfcbank,Sneha Iyer,3167.56,SUCCESS,077095682088,Trip expenses
UPI260203353168,2026-02-03,10:02:16,DEBIT,bigbasket@ybl,BigBasket,1129.41,SUCCESS,154426849041,Payment to BigBasket
UPI260204295826,2026-02-04,12:48:34,CREDIT,ravi.menon33@okicici,Ravi Menon,3236.26,SUCCESS,877038763560,Trip expenses
UPI260206149119,2026-02-06,07:27:25,DEBIT,amazon@apl,Amazon,2197.00,SUCCESS,333980319510,Payment for order ORD2602061077
UPI260206008916,2026-02-06,19:29:02,CREDIT,flipkart@axisbank,Flipkart,749.00,SUCCESS,269515252150,Refund for order ORD2601291071
UPI260207881364,2026-02-07,13:18:17,CREDIT,karthik.pillai23@paytm,Karthik Pillai,1410.06,SUCCESS,420756279411,Movie tickets
UPI260207351070,2026-02-07,18:49:08,DEBIT,bigbasket@ybl,BigBasket,1867.45,SUCCESS,785191305615,Payment for order ORD2602071078
UPI260207676250,2026-02-07,21:13:58,CREDIT,vijay.rao17@okhdfcbank,Vijay Rao,949.80,SUCCESS,642853642257,Gift
UPI260208316009,2026-02-08,09:31:19,DEBIT,zomato-order@icici,Zomato,1031.09,SUCCESS,356996921859,Payment to Zomato
UPI260208183258,2026-02-08,12:09:29,DEBIT,jioprepaid@icici,Jio,720.20,SUCCESS,337850851137,Payment to Jio
UPI260208706338,2026-02-08,14:00:24,DEBIT,bookmyshow@hdfcbank,BookMyShow,968.59,SUCCESS,966827646069,Payment to BookMyShow
UPI260208810193,2026-02-08,20:06:04,DEBIT,meera.krishnan83@apl,Meera Krishnan,3792.50,SUCCESS,532579221371,Trip expenses
UPI260210156127,2026-02-10,18:06:35,DEBIT,tangedco-billpay@sbi,Electricity Board,427.09,SUCCESS,945698250537,Payment to Electricity Board
UPI260210632411,2026-02-10,18:10:44,CREDIT,kavya.reddy21@okaxis,Kavya Reddy,980.29,SUCCESS,613020514958,
UPI260211245179,2026-02-11,13:39:49,CREDIT,amazon@apl,Amazon,2197.00,SUCCESS,205660132822,Refund for order ORD2602061077
UPI260211698625,2026-02-11,23:09:27,DEBIT,zomato-order@icici,Zomato,1146.54,PENDING,,Payment to Zomato
UPI260212724407,2026-02-12,12:51:31,DEBIT,amazon@apl,Amazon,431.50,Success,926684981143,Payment for order ORD2602121080
UPI260213285012,2026-02-13,13:07:17,DEBIT,anitha.subramaniam84@oksbi,Anitha Subramaniam,4170.62,SUCCESS,783628430332,
UPI260213379066,2026-02-13,14:12:37,DEBIT,croma@axisbank,Croma,5352.91,SUCCESS,566135964047,Payment for order ORD2602131081
UPI260214669472,2026-02-14,07:07:56,DEBIT,croma@axisbank,Croma,1563.64,SUCCESS,583156790451,Payment for order ORD2602141085
UPI260215755131,2026-02-15,11:40:42,DEBIT,vijay.rao69@okhdfcbank,Vijay Rao,1284.76,SUCCESS,980019991153,
UPI260215608788,2026-02-15,16:04:23,DEBIT,uberindia@yesbank,Uber,654.84,success,951232114008,Payment to Uber
UPI260217948517,2026-02-17,07:23:47,DEBIT,airtel-prepaid@paytm,Airtel,165.42,SUCCESS,617413534661,Payment to Airtel
UPI260218036780,2026-02-18,18:28:32,DEBIT,kavya.reddy96@apl,Kavya Reddy,373.93,Failed,-,Rent share
UPI260219450018,2026-02-19,11:04:10,CREDIT,arjun.pillai80@paytm,Arjun Pillai,583.25,SUCCESS,283643122097,Gift
UPI260220182048,2026-02-20,12:13:59,DEBIT,irctc@sbi,IRCTC,458.84,FAILURE,NA,Payment to IRCTC
UPI260220768313,2026-02-20,15:11:44,CREDIT,croma@axisbank,Croma,1563.64,SUCCESS,062645252359,Refund for order ORD2602141085
UPI260220224806,2026-02-20,17:28:53,DEBIT,tangedco-billpay@sbi,Electricity Board,599.21,FAILED,,Payment to Electricity Board
UPI260222631262,2026-02-22,10:50:43,DEBIT,uberindia@yesbank,Uber,551.62,SUCCESS,825366421293,Payment to Uber
UPI260222511749,2026-02-22,16:42:26,DEBIT,divya.iyer88@apl,Divya Iyer,1512.82,SUCCESS,965728974442,Rent share
UPI260224720907,2026-02-24,10:27:18,DEBIT,zomato-order@icici,Zomato,826.22,SUCCESS,986118155779,Payment to Zomato
UPI260224893268,2026-02-24,19:19:31,DEBIT,ajio@icici,Ajio,2822.00,success,002137945188,Payment for order ORD2602241087
UPI260225643469,2026-02-25,09:56:49,DEBIT,uberindia@yesbank,Uber,447.54,SUCCESS,163466168222,Payment to Uber
UPI260227645734,2026-02-27,18:04:09,DEBIT,kavya.menon16@okicici,Kavya Menon,2486.75,SUCCESS,272275296813,
UPI260228792441,2026-02-28,14:46:52,CREDIT,naveen.krishnan71@okhdfcbank,Naveen Krishnan,1470.17,SUCCESS,230679926240,Trip expenses
UPI260228854035,2026-02-28,15:48:32,DEBIT,uberindia@yesbank,Uber,1129.06,success,353645044084,Payment to Uber
UPI260228950076,2026-02-28,18:43:17,DEBIT,swiggy-food@axisbank,Swiggy,687.71,SUCCESS,547393435879,Payment to Swiggy
UPI260228499221,2026-02-28,20:20:43,DEBIT,meera.rao41@paytm,Meera Rao,1205.46,success,345966812039,Rent share
UPI260301415537,2026-03-01,16:01:19,CREDIT,sneha.sharma97@ybl,Sneha Sharma,1070.96,success,979525401709,
UPI260301837016,2026-03-01,22:08:12,CREDIT,divya.nair96@okaxis,Divya Nair,4082.73,Success,736632036264,Rent share
UPI260302590036,2026-03-02,21:01:26,DEBIT,kavya.menon63@okicici,Kavya Menon,344.18,SUCCESS,703129287082,Trip expenses
UPI260302571297,2026-03-02,21:59:18,DEBIT,airtel-prepaid@paytm,Airtel,959.24,SUCCESS,826757977593,Payment to Airtel
UPI260303356145,2026-03-03,16:52:35,DEBIT,olacabs@icici,Ola,253.97,SUCCESS,922693433208,Payment to Ola
UPI260303429367,2026-03-03,21:05:57,CREDIT,priya.subramaniam87@okaxis,Priya Subramaniam,1821.79,Failed,,Movie tickets
UPI260304458521,2026-03-04,21:55:13,CREDIT,arjun.sharma12@okhdfcbank,Arjun Sharma,123.55,success,887154833655,For dinner
UPI260305932313,2026-03-05,07:32:26,DEBIT,tangedco-billpay@sbi,Electricity Board,662.21,SUCCESS,149856601961,Payment to Electricity Board
UPI260305458852,2026-03-05,16:22:13,DEBIT,bookmyshow@hdfcbank,BookMyShow,582.85,success,468152796755,Payment to BookMyShow
UPI260305609711,2026-03-05,21:20:33,DEBIT,bigbasket@ybl,BigBasket,263.13,SUCCESS,162313305116,Payment to BigBasket
UPI260307461895,2026-03-07,19:08:59,DEBIT,flipkart@axisbank,Flipkart,428.00,Success,744546807750,Payment for order ORD2603071092
UPI260308025332,2026-03-08,21:23:01,DEBIT,lakshmi.reddy53@okhdfcbank,Lakshmi Reddy,3835.60,SUCCESS,872028666512,For dinner
UPI260310446686,2026-03-10,09:27:15,DEBIT,irctc@sbi,IRCTC,213.42,Success,705581077777,Payment to IRCTC
UPI260310118091,2026-03-10,12:42:19,DEBIT,uberindia@yesbank,Uber,692.07,Success,874892982621,Payment to Uber
UPI260310698550,2026-03-10,20:07:07,CREDIT,naveen.reddy71@oksbi,Naveen Reddy,3927.15,Success,969863806932,Movie tickets
UPI260311925651,2026-03-11,22:54:47,DEBIT,anitha.rao69@okicici,Anitha Rao,402.14,success,837878487232,Rent share
UPI260313344258,2026-03-13,10:06:00,CREDIT,karthik.rao24@okicici,Karthik Rao,4569.09,SUCCESS,449943722867,
UPI260313622888,2026-03-13,15:03:31,DEBIT,uberindia@yesbank,Uber,352.69,SUCCESS,950484478785,Payment to Uber
UPI260314715832,2026-03-14,09:20:55,DEBIT,divya.reddy53@ybl,Divya Reddy,3227.00,success,489284494724,Rent share
UPI260315523575,2026-03-15,07:44:22,DEBIT,uberindia@yesbank,Uber,435.11,PENDING,NA,Payment to Uber
UPI260315804547,2026-03-15,15:24:39,CREDIT,suresh.kumar48@paytm,Suresh Kumar,429.25,FAILURE,NA,Gift
UPI260316713703,2026-03-16,08:06:33,DEBIT,vijay.krishnan52@okhdfcbank,Vijay Krishnan,3381.02,SUCCESS,613618455345,For dinner
UPI260317596442,2026-03-17,20:49:46,DEBIT,irctc@sbi,IRCTC,311.06,SUCCESS,371239518426,Payment to IRCTC
UPI260318626509,2026-03-18,08:35:13,DEBIT,uberindia@yesbank,Uber,814.64,SUCCESS,439335089176,Payment to Uber
UPI260318186748,2026-03-18,08:56:53,DEBIT,amazon@apl,Amazon,5696.00,SUCCESS,297057204239,Payment for order ORD2603181097
UPI260318224651,2026-03-18,09:27:48,DEBIT,olacabs@icici,Ola,945.61,Success,862907120480,Payment to Ola
UPI260318817128,2026-03-18,21:56:25,DEBIT,bigbasket@ybl,BigBasket,580.85,SUCCESS,985419656917,Payment to BigBasket
UPI260320133303,2026-03-20,20:58:39,DEBIT,sneha.rao64@oksbi,Sneha Rao,1296.78,SUCCESS,832875750336,Rent share
UPI260321094652,2026-03-21,16:35:33,DEBIT,ajio@icici,Ajio,4249.15,FAILED,-,Payment for order ORD2603211101
UPI260321447395,2026-03-21,16:47:33,DEBIT,ajio@icici,Ajio,4249.15,SUCCESS,761456567413,Payment for order ORD2603211101
UPI260321348068,2026-03-21,22:51:25,DEBIT,croma@axisbank,Croma,1204.17,FAILED,NA,Payment for order ORD2603211100
UPI260321616754,2026-03-21,23:02:25,DEBIT,croma@axisbank,Croma,1204.17,SUCCESS,529708523802,Payment for order ORD2603211100
UPI260325150787,2026-03-25,14:59:44,DEBIT,suresh.iyer29@oksbi,Suresh Iyer,831.80,SUCCESS,818249473237,Gift
UPI260326216056,2026-03-26,13:05:39,DEBIT,olacabs@icici,Ola,596.51,FAILED,NA,Payment to Ola
UPI260326740107,2026-03-26,16:38:43,DEBIT,kavya.kumar15@okhdfcbank,Kavya Kumar,2281.06,SUCCESS,075709834361,For dinner
UPI260327573689,2026-03-27,19:05:55,DEBIT,zomato-order@icici,Zomato,727.17,SUCCESS,370735704427,Payment to Zomato
UPI260328800409,2026-03-28,13:34:59,DEBIT,zomato-order@icici,Zomato,1132.62,Failed,NA,Payment to Zomato
UPI260328625024,2026-03-28,21:32:53,CREDIT,ajio@icici,Ajio,4249.15,SUCCESS,878614656841,Refund for order ORD2603211101
UPI260328478911,2026-03-28,22:41:52,CREDIT,anitha.reddy23@apl,Anitha Reddy,4644.82,SUCCESS,330027086091,
UPI260330383395,2026-03-30,14:47:32,DEBIT,bigbasket@ybl,BigBasket,754.73,SUCCESS,547677889645,Payment to BigBasket
UPI260331505319,2026-03-31,10:11:45,DEBIT,arjun.reddy30@okicici,Arjun Reddy,2106.47,SUCCESS,567599342657,Trip expenses
UPI260331118398,2026-03-31,11:51:30,DEBIT,zomato-order@icici,Zomato,222.93,SUCCESS,124674935091,Payment to Zomato
UPI260331988193,2026-03-31,13:29:40,CREDIT,ravi.nair66@oksbi,Ravi Nair,4741.07,SUCCESS,344498003893,
UPI260331305888,2026-03-31,17:13:00,CREDIT,arjun.rao10@okhdfcbank,Arjun Rao,2551.88,SUCCESS,225253878251,
UPI260401124899,2026-04-01,11:22:58,DEBIT,suresh.krishnan19@okhdfcbank,Suresh Krishnan,843.17,SUCCESS,187678003623,
UPI260402653813,2026-04-02,12:27:34,DEBIT,airtel-prepaid@paytm,Airtel,634.74,SUCCESS,396922104638,Payment to Airtel
UPI260402642686,2026-04-02,12:35:07,DEBIT,ravi.krishnan66@okicici,Ravi Krishnan,709.77,FAILED,-,Movie tickets
UPI260402292903,2026-04-02,21:07:33,CREDIT,divya.subramaniam55@oksbi,Divya Subramaniam,3801.42,SUCCESS,245915475946,Trip expenses
UPI260404441379,2026-04-04,09:58:04,DEBIT,swiggy-food@axisbank,Swiggy,107.24,SUCCESS,480043418799,Payment to Swiggy
UPI260404033505,2026-04-04,14:50:56,CREDIT,divya.menon2@okicici,Divya Menon,3773.45,SUCCESS,668634619876,For dinner
UPI260404945954,2026-04-04,15:08:49,DEBIT,croma@axisbank,Croma,1388.44,Failed,NA,Payment for order ORD2604041105
UPI260404318196,2026-04-04,15:28:49,DEBIT,croma@axisbank,Croma,1388.44,SUCCESS,142216656675,Payment for order ORD2604041105
UPI260406223381,2026-04-06,13:36:46,DEBIT,croma@axisbank,Croma,4269.35,SUCCESS,406426941998,Payment for order ORD2604061110
UPI260406848193,2026-04-06,19:00:57,CREDIT,divya.pillai45@paytm,Divya Pillai,4476.03,SUCCESS,560769138239,Movie tickets
UPI260407415915,2026-04-07,15:38:13,DEBIT,flipkart@axisbank,Flipkart,1347.30,SUCCESS,081153072748,Payment for order ORD2604071111
UPI260407588414,2026-04-07,18:43:31,CREDIT,arjun.subramaniam26@okaxis,Arjun Subramaniam,4941.45,SUCCESS,919066967719,Gift
UPI260407382980,2026-04-07,21:02:57,DEBIT,bookmyshow@hdfcbank,BookMyShow,533.24,SUCCESS,992373476895,Payment to BookMyShow
UPI260408909558,2026-04-08,20:21:30,CREDIT,sneha.nair49@okhdfcbank,Sneha Nair,4968.21,SUCCESS,495298741702,
UPI260409008717,2026-04-09,08:28:37,DEBIT,ajio@icici,Ajio,2743.20,SUCCESS,345589338349,Payment for order ORD2604091114
UPI260410527347,2026-04-10,07:43:22,DEBIT,bookmyshow@hdfcbank,BookMyShow,1195.10,FAILED,,Payment to BookMyShow
UPI260410417926,2026-04-10,18:34:21,DEBIT,croma@axisbank,Croma,1858.17,SUCCESS,797359316243,Payment for order ORD2604101115
UPI260411733438,2026-04-11,09:47:57,DEBIT,myntra@ybl,Myntra,3228.30,SUCCESS,409015360848,Payment for order ORD2604111116
UPI260411289914,2026-04-11,11:36:28,DEBIT,priya.subramaniam77@paytm,Priya Subramaniam,1738.59,SUCCESS,567468534833,
UPI260411288642,2026-04-11,18:55:11,CREDIT,croma@axisbank,Croma,1388.44,Success,351618093966,Refund for order ORD2604041105
UPI260412091785,2026-04-12,10:54:56,DEBIT,airtel-prepaid@paytm,Airtel,988.16,success,381053684548,Payment to Airtel
UPI260413208465,2026-04-13,07:14:49,CREDIT,ajio@icici,Ajio,2743.20,SUCCESS,141916689630,Refund for cancelled order ORD2604091114
UPI260413659623,2026-04-13,10:14:04,DEBIT,swiggy-food@axisbank,Swiggy,720.29,SUCCESS,988654657707,Payment to Swiggy
UPI260415502733,2026-04-15,14:42:17,DEBIT,tangedco-billpay@sbi,Electricity Board,878.86,SUCCESS,451125022544,Payment to Electricity Board
UPI260415955410,2026-04-15,18:40:10,CREDIT,myntra@ybl,Myntra,3228.30,SUCCESS,256071512577,Refund for order ORD2604111116
UPI260416560620,2026-04-16,14:00:47,DEBIT,bookmyshow@hdfcbank,BookMyShow,1080.99,FAILED,,Payment to BookMyShow
UPI260418870131,2026-04-18,23:25:12,DEBIT,bigbasket@ybl,BigBasket,1159.56,SUCCESS,825477549528,Payment to BigBasket
UPI260421560787,2026-04-21,15:14:11,DEBIT,manoj.iyer48@paytm,Manoj Iyer,240.92,FAILED,NA,
UPI260421790877,2026-04-21,16:54:29,DEBIT,tangedco-billpay@sbi,Electricity Board,1145.63,SUCCESS,032277400515,Payment to Electricity Board
UPI260422376521,2026-04-22,07:16:32,DEBIT,airtel-prepaid@paytm,Airtel,417.46,SUCCESS,385435255667,Payment to Airtel
UPI260422190302,2026-04-22,19:04:05,DEBIT,bookmyshow@hdfcbank,BookMyShow,672.14,success,983996634525,Payment to BookMyShow
UPI260423698555,2026-04-23,08:59:05,CREDIT,priya.rao75@oksbi,Priya Rao,4953.62,SUCCESS,663153734199,Gift
UPI260426649184,2026-04-26,09:36:59,DEBIT,olacabs@icici,Ola,568.97,SUCCESS,265350714606,Payment to Ola
UPI260426402428,2026-04-26,13:49:46,CREDIT,ravi.iyer55@ybl,Ravi Iyer,4470.40,Success,152149467987,Rent share
UPI260426059956,2026-04-26,19:03:33,DEBIT,zomato-order@icici,Zomato,418.51,SUCCESS,405287644669,Payment to Zomato
UPI260429408328,2026-04-29,10:48:29,DEBIT,jioprepaid@icici,Jio,425.18,SUCCESS,535055246358,Payment to Jio
UPI260430052172,2026-04-30,09:40:55,DEBIT,sneha.subramaniam17@oksbi,Sneha Subramaniam,512.12,SUCCESS,123953516566,
UPI260430691788,2026-04-30,22:44:31,CREDIT,divya.subramaniam49@ybl,Divya Subramaniam,161.41,SUCCESS,617161768901,For dinner
UPI260502721894,2026-05-02,09:58:21,DEBIT,croma@axisbank,Croma,3519.66,success,863540348662,Payment for order ORD2605021125
UPI260503967417,2026-05-03,09:36:26,DEBIT,kavya.kumar12@ybl,Kavya Kumar,604.22,SUCCESS,510743144538,Rent share
UPI260504986001,2026-05-04,19:59:08,DEBIT,nykaa@icici,Nykaa,988.20,FAILURE,,Payment for order ORD2605041126
UPI260504703981,2026-05-04,20:08:08,DEBIT,nykaa@icici,Nykaa,988.20,SUCCESS,559877303356,Payment for order ORD2605041126
UPI260504402503,2026-05-04,21:56:35,CREDIT,karthik.subramaniam94@okaxis,Karthik Subramaniam,3207.84,SUCCESS,024363895992,Movie tickets
UPI260505494787,2026-05-05,15:47:51,DEBIT,lakshmi.reddy55@apl,Lakshmi Reddy,4002.12,SUCCESS,799424814886,Movie tickets
UPI260507869297,2026-05-07,10:09:40,DEBIT,irctc@sbi,IRCTC,277.93,SUCCESS,693560978860,Payment to IRCTC
UPI260507507882,2026-05-07,11:43:39,DEBIT,tangedco-billpay@sbi,Electricity Board,739.05,SUCCESS,057659070171,Payment to Electricity Board
UPI260507644136,2026-05-07,18:50:29,DEBIT,bigbasket@ybl,BigBasket,1058.03,Success,574374691171,Payment to BigBasket
UPI260507645151,2026-05-07,21:00:08,DEBIT,olacabs@icici,Ola,373.72,SUCCESS,182640811483,Payment to Ola
UPI260509552093,2026-05-09,23:25:38,CREDIT,ravi.pillai50@okhdfcbank,Ravi Pillai,3932.20,SUCCESS,309993413337,Trip expenses
UPI260510612068,2026-05-10,07:07:45,CREDIT,suresh.kumar30@okaxis,Suresh Kumar,252.64,SUCCESS,642981630547,Gift
UPI260510836315,2026-05-10,07:33:26,DEBIT,deepa.sharma16@oksbi,Deepa Sharma,2008.35,SUCCESS,908699280123,Gift
UPI260510377997,2026-05-10,10:06:37,DEBIT,nykaa@icici,Nykaa,850.00,SUCCESS,190726377921,Payment for order ORD2605101128
UPI260511204962,2026-05-11,16:27:13,DEBIT,zomato-order@icici,Zomato,138.23,SUCCESS,486587850110,Payment to Zomato
UPI260513707916,2026-05-13,07:09:08,DEBIT,meera.krishnan35@ybl,Meera Krishnan,1215.05,SUCCESS,885832612154,Movie tickets
UPI260513306930,2026-05-13,22:28:24,DEBIT,amazon@apl,Amazon,4368.10,FAILED,-,Payment for order ORD2605131130
UPI260513313007,2026-05-13,22:38:24,DEBIT,amazon@apl,Amazon,4368.10,SUCCESS,063308964027,Payment for order ORD2605131130
UPI260514354543,2026-05-14,14:08:45,DEBIT,swiggy-food@axisbank,Swiggy,582.97,SUCCESS,446809289759,Payment to Swiggy
UPI260518122829,2026-05-18,07:30:48,DEBIT,bigbasket@ybl,BigBasket,3499.00,SUCCESS,851860108188,Payment for order ORD2605181133
UPI260519947608,2026-05-19,09:45:03,DEBIT,nykaa@icici,Nykaa,10099.80,SUCCESS,302873136191,Payment for order ORD2605191134
UPI260519106201,2026-05-19,18:36:06,DEBIT,sneha.krishnan28@okhdfcbank,Sneha Krishnan,552.18,Success,773643289772,
UPI260520059019,2026-05-20,20:37:42,DEBIT,irctc@sbi,IRCTC,565.12,SUCCESS,097826287456,Payment to IRCTC
UPI260521277263,2026-05-21,20:57:25,DEBIT,lakshmi.iyer48@okhdfcbank,Lakshmi Iyer,376.01,SUCCESS,350540344362,Rent share
UPI260522802565,2026-05-22,07:02:54,CREDIT,deepa.nair66@apl,Deepa Nair,4765.14,SUCCESS,993528862412,Movie tickets
UPI260523162168,2026-05-23,15:45:27,DEBIT,olacabs@icici,Ola,484.79,SUCCESS,946060339309,Payment to Ola
UPI260524113115,2026-05-24,23:22:43,CREDIT,nykaa@icici,Nykaa,10099.80,SUCCESS,444427995301,Refund for cancelled order ORD2605191134
UPI260526266946,2026-05-26,15:26:39,DEBIT,vijay.sharma4@ybl,Vijay Sharma,816.93,SUCCESS,301822479200,Gift
UPI260529938676,2026-05-29,09:02:07,DEBIT,bigbasket@ybl,BigBasket,2997.00,SUCCESS,993100026029,Payment for order ORD2605291136
UPI260529034047,2026-05-29,15:27:26,DEBIT,airtel-prepaid@paytm,Airtel,107.87,SUCCESS,394686958052,Payment to Airtel
UPI260529982823,2026-05-29,21:49:37,DEBIT,bookmyshow@hdfcbank,BookMyShow,591.61,success,156161565562,Payment to BookMyShow
UPI260531190799,2026-05-31,21:26:00,CREDIT,meera.menon27@oksbi,Meera Menon,4645.26,SUCCESS,602612848513,Trip expenses
UPI260601411157,2026-06-01,15:11:31,DEBIT,divya.menon61@paytm,Divya Menon,4953.76,SUCCESS,371754272023,Movie tickets
UPI260602766884,2026-06-02,21:24:06,DEBIT,irctc@sbi,IRCTC,486.46,SUCCESS,190743276945,Payment to IRCTC
UPI260604946483,2026-06-04,09:20:45,CREDIT,karthik.rao70@oksbi,Karthik Rao,3345.13,success,224756147044,Trip expenses
UPI260604445056,2026-06-04,16:28:16,DEBIT,nykaa@icici,Nykaa,12297.00,SUCCESS,127279543068,Payment for order ORD2606041139
UPI260605550351,2026-06-05,07:21:14,DEBIT,nykaa@icici,Nykaa,749.00,SUCCESS,821056551817,Payment for order ORD2606051140
UPI260605440830,2026-06-05,11:33:18,DEBIT,uberindia@yesbank,Uber,129.05,FAILED,,Payment to Uber
UPI260606735044,2026-06-06,12:28:37,DEBIT,uberindia@yesbank,Uber,1191.71,SUCCESS,694741905926,Payment to Uber
UPI260607450288,2026-06-07,15:29:10,DEBIT,kavya.krishnan68@okhdfcbank,Kavya Krishnan,2274.49,SUCCESS,210323451000,
UPI260608589290,2026-06-08,10:26:14,CREDIT,deepa.sharma59@apl,Deepa Sharma,2825.18,success,634752245595,
UPI260608083681,2026-06-08,12:13:33,CREDIT,nykaa@icici,Nykaa,749.00,SUCCESS,334046129792,Refund for order ORD2606051140
UPI260608375181,2026-06-08,15:31:16,DEBIT,zomato-order@icici,Zomato,1165.62,FAILED,NA,Payment to Zomato
UPI260608069995,2026-06-08,21:32:23,DEBIT,manoj.pillai63@apl,Manoj Pillai,4884.10,Success,493579143040,Gift
UPI260609154255,2026-06-09,15:33:21,DEBIT,bigbasket@ybl,BigBasket,576.88,SUCCESS,567902235365,Payment to BigBasket
UPI260609102409,2026-06-09,23:27:49,CREDIT,suresh.rao83@paytm,Suresh Rao,2066.16,SUCCESS,825634807701,Trip expenses
UPI260611711204,2026-06-11,13:05:00,DEBIT,jioprepaid@icici,Jio,727.95,SUCCESS,862541323273,Payment to Jio
UPI260612401349,2026-06-12,16:48:25,DEBIT,ajio@icici,Ajio,711.55,SUCCESS,921916411180,Payment for order ORD2606121144
UPI260612676615,2026-06-12,21:07:52,CREDIT,ganesh.rao89@okicici,Ganesh Rao,2511.77,SUCCESS,247777030674,For dinner
UPI260614582778,2026-06-14,18:59:44,DEBIT,vijay.reddy25@okicici,Vijay Reddy,3281.80,PENDING,NA,Rent share
UPI260615128337,2026-06-15,11:23:15,DEBIT,karthik.nair85@oksbi,Karthik Nair,901.74,Success,113790836874,For dinner
UPI260615406214,2026-06-15,23:38:13,DEBIT,airtel-prepaid@paytm,Airtel,1182.48,SUCCESS,131487593445,Payment to Airtel
UPI260618503790,2026-06-18,11:48:17,CREDIT,arjun.pillai85@apl,Arjun Pillai,2734.26,FAILED,NA,Rent share
UPI260618556361,2026-06-18,13:38:59,DEBIT,ganesh.krishnan78@okaxis,Ganesh Krishnan,4864.53,SUCCESS,655381180254,Movie tickets
UPI260618218926,2026-06-18,22:12:02,DEBIT,priya.sharma36@oksbi,Priya Sharma,2478.48,SUCCESS,243957175635,Movie tickets
UPI260619151161,2026-06-19,18:06:45,CREDIT,karthik.krishnan66@okicici,Karthik Krishnan,2941.28,SUCCESS,503498055173,For dinner
UPI260619214396,2026-06-19,18:43:58,DEBIT,bookmyshow@hdfcbank,BookMyShow,378.25,SUCCESS,535800980286,Payment to BookMyShow
UPI260620869963,2026-06-20,08:41:47,DEBIT,airtel-prepaid@paytm,Airtel,534.08,SUCCESS,255750778730,Payment to Airtel
UPI260621784721,2026-06-21,09:17:04,DEBIT,nykaa@icici,Nykaa,4622.00,Failed,,Payment for order ORD2606211148
UPI260621446627,2026-06-21,09:23:04,DEBIT,nykaa@icici,Nykaa,4622.00,SUCCESS,175530631355,Payment for order ORD2606211148
UPI260621645526,2026-06-21,09:41:14,CREDIT,naveen.rao50@okaxis,Naveen Rao,3660.92,SUCCESS,302188842673,Gift
UPI260622092692,2026-06-22,20:39:36,DEBIT,irctc@sbi,IRCTC,1079.67,SUCCESS,734341014458,Payment to IRCTC
UPI260623858056,2026-06-23,08:36:24,DEBIT,zomato-order@icici,Zomato,994.09,FAILED,,Payment to Zomato
UPI260623591127,2026-06-23,15:23:05,CREDIT,ravi.iyer52@okhdfcbank,Ravi Iyer,4053.81,SUCCESS,298156087260,
UPI260623692329,2026-06-23,22:59:57,DEBIT,swiggy-food@axisbank,Swiggy,904.63,Success,887531915162,Payment to Swiggy
UPI260624208248,2026-06-24,23:05:51,DEBIT,zomato-order@icici,Zomato,117.00,FAILED,,Payment to Zomato
UPI260625028642,2026-06-25,14:05:25,DEBIT,jioprepaid@icici,Jio,1074.55,success,039880243969,Payment to Jio
UPI260625112944,2026-06-25,15:39:00,DEBIT,flipkart@axisbank,Flipkart,599.00,SUCCESS,202710641993,Payment for order ORD2606251149
UPI260626558225,2026-06-26,07:57:18,DEBIT,flipkart@axisbank,Flipkart,1899.00,Failed,,Payment for order ORD2606261150
UPI260626455281,2026-06-26,08:04:18,DEBIT,flipkart@axisbank,Flipkart,1899.00,SUCCESS,324603336537,Payment for order ORD2606261150
UPI260626661417,2026-06-26,10:17:57,CREDIT,kavya.nair38@okhdfcbank,Kavya Nair,2960.87,SUCCESS,252925333272,Rent share
UPI260626221948,2026-06-26,23:35:00,DEBIT,tangedco-billpay@sbi,Electricity Board,663.18,SUCCESS,674727106130,Payment to Electricity Board
UPI260627577278,2026-06-27,11:50:15,CREDIT,naveen.reddy23@ybl,Naveen Reddy,1301.52,FAILED,,Trip expenses
UPI260628534077,2026-06-28,15:40:00,DEBIT,myntra@ybl,Myntra,8637.30,FAILED,-,Payment for order ORD2606281151
UPI260628711787,2026-06-28,15:55:00,DEBIT,myntra@ybl,Myntra,8637.30,SUCCESS,161772367013,Payment for order ORD2606281151
UPI260629868206,2026-06-29,08:08:47,DEBIT,ravi.pillai3@paytm,Ravi Pillai,1190.96,SUCCESS,703713161997,Movie tickets
UPI260630086486,2026-06-30,20:58:42,CREDIT,meera.menon31@okhdfcbank,Meera Menon,214.65,Success,949277746017,Rent share
UPI260701394742,2026-07-01,20:19:38,DEBIT,swiggy-food@axisbank,Swiggy,164.60,SUCCESS,960479548481,Payment to Swiggy
UPI260703356138,2026-07-03,12:59:32,CREDIT,vijay.menon94@okhdfcbank,Vijay Menon,609.22,SUCCESS,573832772430,Gift
UPI260704358018,2026-07-04,09:17:23,DEBIT,croma@axisbank,Croma,655.75,SUCCESS,373996106803,Payment for order ORD2607041158
UPI260704865297,2026-07-04,20:22:32,DEBIT,olacabs@icici,Ola,525.02,FAILED,,Payment to Ola
UPI260705614005,2026-07-05,11:51:09,CREDIT,karthik.menon12@oksbi,Karthik Menon,4671.71,SUCCESS,814611891858,Gift
UPI260706311747,2026-07-06,23:10:32,DEBIT,amazon@apl,Amazon,2562.15,SUCCESS,721751345117,Payment for order ORD2607061160
UPI260707183804,2026-07-07,10:59:28,DEBIT,bigbasket@ybl,BigBasket,250.03,SUCCESS,323127182972,Payment to BigBasket
UPI260708141278,2026-07-08,07:05:16,DEBIT,sneha.nair34@apl,Sneha Nair,2056.09,SUCCESS,603666358469,
UPI260711133747,2026-07-11,23:13:42,DEBIT,bigbasket@ybl,BigBasket,113.81,Success,868101231628,Payment to BigBasket
UPI260712399601,2026-07-12,15:43:50,DEBIT,uberindia@yesbank,Uber,557.78,SUCCESS,211149982539,Payment to Uber
UPI260712623969,2026-07-12,17:08:20,DEBIT,irctc@sbi,IRCTC,1065.73,Success,230585696549,Payment to IRCTC
UPI260713286307,2026-07-13,21:55:27,DEBIT,bookmyshow@hdfcbank,BookMyShow,503.71,SUCCESS,656181624682,Payment to BookMyShow
UPI260714619036,2026-07-14,15:42:18,DEBIT,olacabs@icici,Ola,421.38,SUCCESS,843870431917,Payment to Ola
UPI260715468275,2026-07-15,12:33:58,DEBIT,swiggy-food@axisbank,Swiggy,92.50,SUCCESS,303791915536,Payment to Swiggy
UPI260716442196,2026-07-16,17:58:27,DEBIT,bookmyshow@hdfcbank,BookMyShow,241.67,SUCCESS,450819740497,Payment to BookMyShow
UPI260716643894,2026-07-16,22:55:38,DEBIT,uberindia@yesbank,Uber,355.34,SUCCESS,149042329897,Payment to Uber
UPI260717372463,2026-07-17,14:35:32,DEBIT,arjun.nair56@okicici,Arjun Nair,1368.50,SUCCESS,260406758935,For dinner
UPI260717150443,2026-07-17,23:11:42,DEBIT,tangedco-billpay@sbi,Electricity Board,484.60,FAILED,-,Payment to Electricity Board
UPI260717395341,2026-07-17,23:27:52,DEBIT,uberindia@yesbank,Uber,118.81,FAILED,NA,Payment to Uber
UPI260718807083,2026-07-18,22:16:11,DEBIT,flipkart@axisbank,Flipkart,719.10,Success,792526505230,Payment for order ORD2607181165
UPI260719864148,2026-07-19,21:56:49,DEBIT,naveen.menon29@paytm,Naveen Menon,3040.63,SUCCESS,107294238868,Gift
UPI260720580394,2026-07-20,15:14:48,DEBIT,irctc@sbi,IRCTC,828.31,SUCCESS,087630052160,Payment to IRCTC
UPI260721785100,2026-07-21,09:21:06,DEBIT,arjun.sharma91@apl,Arjun Sharma,4458.85,Success,748962317234,Rent share
UPI260722630837,2026-07-22,23:53:48,DEBIT,bigbasket@ybl,BigBasket,1001.98,FAILED,,Payment to BigBasket
UPI260723503156,2026-07-23,17:07:02,DEBIT,arjun.krishnan59@okicici,Arjun Krishnan,1142.77,PENDING,NA,Rent share
UPI260724763514,2026-07-24,08:51:32,CREDIT,ravi.reddy37@okicici,Ravi Reddy,2975.73,Success,788197577934,Rent share
UPI260724280433,2026-07-24,20:33:21,DEBIT,jioprepaid@icici,Jio,699.60,SUCCESS,296736731766,Payment to Jio
UPI260724889394,2026-07-24,21:41:50,CREDIT,vijay.reddy67@okhdfcbank,Vijay Reddy,3664.47,SUCCESS,828066920844,
UPI260726800937,2026-07-26,23:46:09,DEBIT,swiggy-food@axisbank,Swiggy,252.95,SUCCESS,178323559025,Payment to Swiggy
UPI260727047234,2026-07-27,21:48:46,DEBIT,nykaa@icici,Nykaa,933.30,Failed,NA,Payment for order ORD2607271168
UPI260727593160,2026-07-27,21:57:46,DEBIT,nykaa@icici,Nykaa,933.30,SUCCESS,205731758739,Payment for order ORD2607271168
UPI260728092051,2026-07-28,10:41:39,DEBIT,zomato-order@icici,Zomato,489.83,success,182314765229,Payment to Zomato
UPI260728347435,2026-07-28,13:53:30,CREDIT,nykaa@icici,Nykaa,933.30,SUCCESS,062560952302,Refund for cancelled order ORD2607271168
UPI260729290817,2026-07-29,07:03:43,CREDIT,ganesh.reddy17@okaxis,Ganesh Reddy,2393.08,success,565477171220,
UPI260729731313,2026-07-29,18:20:01,DEBIT,bookmyshow@hdfcbank,BookMyShow,321.96,SUCCESS,317915657267,Payment to BookMyShow
UPI260729001249,2026-07-29,22:07:13,DEBIT,bigbasket@ybl,BigBasket,54.46,Success,431153890293,Payment to BigBasket
UPI260729359761,2026-07-29,22:55:49,CREDIT,anitha.kumar78@okaxis,Anitha Kumar,3375.06,SUCCESS,499054839690,
UPI260730687682,2026-07-30,12:21:23,DEBIT,irctc@sbi,IRCTC,334.21,SUCCESS,335511417277,Payment to IRCTC
UPI260730837543,2026-07-30,14:58:47,CREDIT,meera.subramaniam84@apl,Meera Subramaniam,3678.87,SUCCESS,955499104118,Movie tickets
UPI260731852515,2026-07-31,15:18:48,DEBIT,airtel-prepaid@paytm,Airtel,1019.71,SUCCESS,260536023875,Payment to Airtel
UPI260801965154,2026-08-01,08:08:03,CREDIT,lakshmi.subramaniam58@apl,Lakshmi Subramaniam,1758.24,SUCCESS,360634620136,Movie tickets
UPI260801582788,2026-08-01,08:14:23,DEBIT,kavya.iyer49@apl,Kavya Iyer,4655.87,SUCCESS,029682208195,
UPI260801196592,2026-08-01,17:18:17,DEBIT,swiggy-food@axisbank,Swiggy,318.44,SUCCESS,654328842918,Payment to Swiggy
UPI260804401455,2026-08-04,11:56:01,DEBIT,karthik.iyer20@apl,Karthik Iyer,3835.92,SUCCESS,041945953653,
UPI260804862438,2026-08-04,15:38:29,DEBIT,croma@axisbank,Croma,1906.12,SUCCESS,146228295023,Payment for order ORD2608041173
UPI260806764932,2026-08-06,20:10:05,DEBIT,nykaa@icici,Nykaa,2422.00,SUCCESS,461061041422,Payment for order ORD2608061174
UPI260806011446,2026-08-06,20:49:32,DEBIT,swiggy-food@axisbank,Swiggy,165.13,SUCCESS,865709319705,Payment to Swiggy
UPI260807011990,2026-08-07,14:42:28,CREDIT,ganesh.subramaniam17@paytm,Ganesh Subramaniam,2518.58,Failed,-,Movie tickets
UPI260807150955,2026-08-07,17:11:40,CREDIT,ravi.rao23@okhdfcbank,Ravi Rao,1909.17,PENDING,NA,Movie tickets
UPI260807266863,2026-08-07,18:36:47,CREDIT,arjun.kumar68@okaxis,Arjun Kumar,2829.16,success,877400394784,
UPI260808489173,2026-08-08,09:33:24,CREDIT,nykaa@icici,Nykaa,2422.00,SUCCESS,789588361949,Refund for cancelled order ORD2608061174
UPI260808187748,2026-08-08,18:47:56,DEBIT,bookmyshow@hdfcbank,BookMyShow,355.89,SUCCESS,897127244160,Payment to BookMyShow
UPI260809316846,2026-08-09,23:14:57,DEBIT,uberindia@yesbank,Uber,200.05,SUCCESS,782316862076,Payment to Uber
UPI260810436584,2026-08-10,19:11:55,DEBIT,nykaa@icici,Nykaa,7995.00,SUCCESS,109735077527,Payment for order ORD2608101176
UPI260811465014,2026-08-11,13:18:34,DEBIT,bigbasket@ybl,BigBasket,887.83,SUCCESS,539226415921,Payment to BigBasket
UPI260811138662,2026-08-11,17:50:14,DEBIT,ajio@icici,Ajio,1103.30,SUCCESS,355675233410,Payment for order ORD2608111178
UPI260812617975,2026-08-12,23:08:56,DEBIT,amazon@apl,Amazon,899.10,SUCCESS,985565270265,Payment for order ORD2608121179
UPI260814637783,2026-08-14,19:34:39,CREDIT,manoj.menon13@okaxis,Manoj Menon,4047.42,SUCCESS,428185622777,Trip expenses
UPI260815383749,2026-08-15,21:59:11,DEBIT,olacabs@icici,Ola,585.81,SUCCESS,998508211320,Payment to Ola
UPI260816844771,2026-08-16,08:05:37,DEBIT,jioprepaid@icici,Jio,739.43,FAILED,,Payment to Jio
UPI260816023401,2026-08-16,18:58:35,DEBIT,bigbasket@ybl,BigBasket,280.33,SUCCESS,355187257178,Payment to BigBasket
UPI260817854471,2026-08-17,10:34:54,DEBIT,irctc@sbi,IRCTC,193.90,SUCCESS,338094792185,Payment to IRCTC
UPI260817483393,2026-08-17,10:40:49,CREDIT,amazon@apl,Amazon,899.10,SUCCESS,544219790309,Refund for order ORD2608121179
UPI260817102130,2026-08-17,20:46:35,DEBIT,amazon@apl,Amazon,3298.00,SUCCESS,232430011132,Payment for order ORD2608171181
UPI260820268228,2026-08-20,07:59:15,DEBIT,zomato-order@icici,Zomato,881.52,SUCCESS,967403548705,Payment to Zomato
UPI260821090333,2026-08-21,12:44:19,DEBIT,olacabs@icici,Ola,984.16,SUCCESS,144147240473,Payment to Ola
UPI260821546745,2026-08-21,22:21:04,DEBIT,flipkart@axisbank,Flipkart,4501.60,Success,014241190425,Payment for order ORD2608211182
UPI260823689130,2026-08-23,18:39:37,CREDIT,ganesh.pillai41@oksbi,Ganesh Pillai,873.90,SUCCESS,575101628249,Trip expenses
UPI260823448657,2026-08-23,22:11:31,DEBIT,anitha.reddy56@okhdfcbank,Anitha Reddy,1491.06,success,355427078883,Gift
UPI260825862953,2026-08-25,17:49:20,DEBIT,swiggy-food@axisbank,Swiggy,62.72,SUCCESS,425767913194,Payment to Swiggy
UPI260825439750,2026-08-25,22:09:21,CREDIT,divya.iyer53@okicici,Divya Iyer,1989.32,SUCCESS,135223724955,Movie tickets
UPI260826606984,2026-08-26,13:52:14,DEBIT,kavya.reddy82@oksbi,Kavya Reddy,1436.68,success,355712715347,
UPI260827739179,2026-08-27,13:50:45,DEBIT,flipkart@axisbank,Flipkart,1798.00,SUCCESS,620393173486,Payment for order ORD2608271184
UPI260827239802,2026-08-27,17:32:31,CREDIT,flipkart@axisbank,Flipkart,4501.60,SUCCESS,664034171192,Refund for order ORD2608211182
UPI260827030384,2026-08-27,23:34:21,DEBIT,nykaa@icici,Nykaa,5222.15,SUCCESS,379323442203,Payment for order ORD2608271185
UPI260830465840,2026-08-30,17:52:45,CREDIT,nykaa@icici,Nykaa,5222.15,SUCCESS,951405832237,Refund for cancelled order ORD2608271185
UPI260830147455,2026-08-30,23:38:15,CREDIT,lakshmi.menon20@okicici,Lakshmi Menon,2311.99,SUCCESS,986476355064,
UPI260903440694,2026-09-03,09:33:45,CREDIT,priya.subramaniam17@okicici,Priya Subramaniam,2248.84,SUCCESS,804273332094,Movie tickets
UPI260903182283,2026-09-03,12:10:05,DEBIT,tangedco-billpay@sbi,Electricity Board,659.14,SUCCESS,544143606367,Payment to Electricity Board
UPI260904857841,2026-09-04,06:53:20,DEBIT,ajio@icici,Ajio,6224.55,FAILED,NA,Payment for order ORD2609041190
UPI260904119667,2026-09-04,07:12:20,DEBIT,ajio@icici,Ajio,6224.55,SUCCESS,148375765875,Payment for order ORD2609041190
UPI260904629209,2026-09-04,23:55:49,DEBIT,sneha.kumar85@ybl,Sneha Kumar,2746.53,SUCCESS,004901001860,Movie tickets
UPI260905920598,2026-09-05,22:14:25,DEBIT,irctc@sbi,IRCTC,493.84,PENDING,,Payment to IRCTC
UPI260907714208,2026-09-07,08:06:49,CREDIT,ajio@icici,Ajio,6224.55,SUCCESS,217904156812,Refund for cancelled order ORD2609041190
UPI260907963378,2026-09-07,08:44:47,DEBIT,divya.subramaniam6@okicici,Divya Subramaniam,2875.00,SUCCESS,570441658413,Gift
UPI260907092119,2026-09-07,13:25:02,DEBIT,uberindia@yesbank,Uber,870.70,success,880613885409,Payment to Uber
UPI260907004281,2026-09-07,19:44:06,DEBIT,bigbasket@ybl,BigBasket,2198.00,SUCCESS,152896232665,Payment for order ORD2609071193
UPI260908959702,2026-09-08,20:29:36,DEBIT,tangedco-billpay@sbi,Electricity Board,783.97,SUCCESS,084589771414,Payment to Electricity Board
UPI260909914521,2026-09-09,11:11:26,DEBIT,zomato-order@icici,Zomato,113.65,SUCCESS,999471613698,Payment to Zomato
UPI260910287196,2026-09-10,15:34:25,DEBIT,jioprepaid@icici,Jio,523.51,SUCCESS,432868724714,Payment to Jio
UPI260910729552,2026-09-10,17:32:15,DEBIT,nykaa@icici,Nykaa,345.65,FAILURE,NA,Payment for order ORD2609101197
UPI260910536003,2026-09-10,17:51:15,DEBIT,nykaa@icici,Nykaa,345.65,SUCCESS,950490053545,Payment for order ORD2609101197
UPI260910811467,2026-09-10,18:07:57,DEBIT,croma@axisbank,Croma,1491.44,SUCCESS,329476323718,Payment for order ORD2609101196
UPI260911360084,2026-09-11,18:48:35,DEBIT,lakshmi.rao36@okhdfcbank,Lakshmi Rao,4024.43,SUCCESS,882688123127,Rent share
UPI260912416817,2026-09-12,11:38:03,DEBIT,jioprepaid@icici,Jio,184.94,SUCCESS,062316148156,Payment to Jio
UPI260912824069,2026-09-12,12:28:18,DEBIT,swiggy-food@axisbank,Swiggy,785.67,SUCCESS,712055142126,Payment to Swiggy
UPI260913535770,2026-09-13,12:51:07,DEBIT,bigbasket@ybl,BigBasket,290.15,SUCCESS,202711700768,Payment to BigBasket
UPI260915119858,2026-09-15,18:18:58,DEBIT,suresh.rao39@okicici,Suresh Rao,2267.59,SUCCESS,001054813671,Trip expenses
UPI260916785870,2026-09-16,16:25:02,DEBIT,irctc@sbi,IRCTC,555.21,SUCCESS,956325762826,Payment to IRCTC
UPI260919320155,19-Sep-2026,07:27:39,DEBIT,jioprepaid@icici,Jio,346.85,SUCCESS,465683216463,Payment to Jio
UPI260919352196,19-Sep-2026,12:20:24,DEBIT,sneha.krishnan13@apl,Sneha Krishnan,2319.33,SUCCESS,776296727481,For dinner
UPI260919118326,19-Sep-2026,13:17:11,DEBIT,zomato-order@icici,Zomato,66.77,SUCCESS,883483840695,Payment to Zomato
UPI260919302398,19-Sep-2026,13:33:05,DEBIT,bigbasket@ybl,BigBasket,406.34,PENDING,-,Payment to BigBasket
UPI260919871575,19-Sep-2026,15:05:51,DEBIT,uberindia@yesbank,Uber,542.40,SUCCESS,111615458403,Payment to Uber
UPI260919811211,19-Sep-2026,17:12:11,DEBIT,tangedco-billpay@sbi,Electricity Board,889.27,SUCCESS,355673629466,Payment to Electricity Board
UPI260920641306,20-Sep-2026,16:23:39,DEBIT,ajio@icici,Ajio,1899.00,SUCCESS,930224485664,Payment for order ORD2609201200
UPI260920410515,20-Sep-2026,22:08:25,CREDIT,priya.subramaniam8@paytm,Priya Subramaniam,2092.76,SUCCESS,655127422590,Movie tickets
UPI260921880841,21-Sep-2026,11:04:33,DEBIT,bookmyshow@hdfcbank,BookMyShow,1175.57,SUCCESS,964718227205,Payment to BookMyShow
UPI260921719952,21-Sep-2026,18:00:07,DEBIT,olacabs@icici,Ola,1022.98,SUCCESS,527032119865,Payment to Ola
UPI260922835800,22-Sep-2026,13:02:41,DEBIT,tangedco-billpay@sbi,Electricity Board,241.24,SUCCESS,963342197583,Payment to Electricity Board
UPI260922580728,22-Sep-2026,15:46:19,CREDIT,kavya.reddy91@apl,Kavya Reddy,3510.78,SUCCESS,441771127757,
UPI260923729027,23-Sep-2026,10:01:49,DEBIT,kavya.rao46@paytm,Kavya Rao,4597.87,SUCCESS,594870455011,Trip expenses
UPI260923052528,23-Sep-2026,11:15:34,DEBIT,amazon@apl,Amazon,2397.00,SUCCESS,087577355311,Payment for order ORD2609231203
UPI260923041294,23-Sep-2026,14:24:29,DEBIT,irctc@sbi,IRCTC,973.49,SUCCESS,531696916745,Payment to IRCTC
UPI260923984053,23-Sep-2026,17:23:32,DEBIT,divya.kumar50@oksbi,Divya Kumar,4538.39,SUCCESS,597620764699,Trip expenses
UPI260924360763,24-Sep-2026,07:17:54,DEBIT,uberindia@yesbank,Uber,479.73,SUCCESS,113463659765,Payment to Uber
UPI260924937904,24-Sep-2026,19:17:29,DEBIT,jioprepaid@icici,Jio,1104.19,SUCCESS,918016628794,Payment to Jio
UPI260924904517,24-Sep-2026,20:32:09,DEBIT,bigbasket@ybl,BigBasket,606.52,SUCCESS,822579835115,Payment to BigBasket
UPI260925152726,25-Sep-2026,13:12:00,DEBIT,bookmyshow@hdfcbank,BookMyShow,942.53,SUCCESS,468288410816,Payment to BookMyShow
