keyword,merchant_name,category
AJIO,AJIO,SHOPPING
AMAZON,AMAZON,SHOPPING
BIGBASKET,BIGBASKET,GROCERIES
FLIPKART,FLIPKART,SHOPPING
MYNTRA,MYNTRA,SHOPPING
NYKAA,NYKAA,SHOPPING
CROMA,CROMA,SHOPPING
CANVA,CANVA,SUBSCRIPTIONS
NETFLIX,NETFLIX,SUBSCRIPTIONS
SPOTIFY,SPOTIFY,SUBSCRIPTIONS
SWIGGY,SWIGGY,FOOD AND DINING
ZOMATO,ZOMATO,FOOD AND DINING
UBER,UBER,TRANSPORT
OLACABS,OLA,TRANSPORT
JIOPREPAID,JIO,BILLS AND UTILITIES
AIRTEL,AIRTEL,BILLS AND UTILITIES
BOOKMYSHOW,BOOKMYSHOW,ENTERTAINMENT
IRCTC,IRCTC,TRANSPORT
TANGEDCO,ELECTRICITY BOARD,BILLS AND UTILITIES
APOLLO PHARMACY,APOLLO PHARMACY,HEALTH
DECATHLON,DECATHLON,SHOPPING
INDIAN OIL,INDIAN OIL,TRANSPORT
NATURALS ICE CREAM,NATURALS ICE CREAM,FOOD AND DINING
PVR CINEMAS,PVR CINEMAS,ENTERTAINMENT
RELIANCE SMART BAZAAR,RELIANCE SMART BAZAAR,GROCERIES
STARBUCKS,STARBUCKS,FOOD AND DINING
ATM WDL,ATM WITHDRAWAL,CASH AND TRANSFERS
INT.PD,BANK INTEREST,INCOME
ZENITH MUTUAL FUND,ZENITH MUTUAL FUND,INVESTMENTS
CREDIT CARD BILL,CREDIT CARD BILL PAYMENT,CASH AND TRANSFERS
SMS ALERT,SMS ALERT CHARGES,BILLS AND UTILITIES
TECHNOVA,TECHNOVA SOLUTIONS,INCOME
RAMESH IYER,RAMESH IYER,RENT
REVERSAL-DUPLICATE,UPI REVERSAL,CASH AND TRANSFERS
UNKNOWN MERCHANT,UNKNOWN MERCHANT,UNCATEGORIZED