source,txn_date,amount,direction,party,status,reference,raw_note
ecommerce,2025-10-02,1482.3,OUT,Flipkart,DELIVERED,ORD2510021001,
ecommerce,2025-10-02,492.38,OUT,Croma,DELIVERED,ORD2510021002,
ecommerce,2025-10-02,328.2,OUT,Myntra,RETURNED,ORD2510021003,REFUNDED
ecommerce,2025-10-02,2878.2,OUT,Flipkart,DELIVERED,ORD2510021004,
ecommerce,2025-10-03,719.2,OUT,Ajio,CANCELLED,ORD2510031005,
ecommerce,2025-10-03,5934.65,OUT,Ajio,RETURNED,ORD2510031006,REFUNDED
ecommerce,2025-10-03,1048.0,OUT,Nykaa,DELIVERED,ORD2510031007,
ecommerce,2025-10-03,2398.4,OUT,Flipkart,DELIVERED,ORD2510031008,
ecommerce,2025-10-04,1908.25,OUT,Ajio,DELIVERED,ORD2510041009,
ecommerce,2025-10-04,2799.2,OUT,BigBasket,DELIVERED,ORD2510041010,
ecommerce,2025-10-05,10647.0,OUT,Ajio,DELIVERED,ORD2510051011,
ecommerce,2025-10-07,1115.3,OUT,Flipkart,DELIVERED,ORD2510071012,
ecommerce,2025-10-08,1319.02,OUT,Croma,CANCELLED,ORD2510081013,
ecommerce,2025-10-11,3418.2,OUT,Nykaa,RETURNED,ORD2510111014,REFUNDED
ecommerce,2025-10-12,674.1,OUT,Amazon,DELIVERED,ORD2510121015,
ecommerce,2025-10-13,294.15,OUT,Nykaa,DELIVERED,ORD2510131016,
ecommerce,2025-10-14,28839.18,OUT,Croma,CANCELLED,ORD2510141017,
ecommerce,2025-10-14,1199.2,OUT,BigBasket,DELIVERED,ORD2510141018,
ecommerce,2025-10-14,2674.95,OUT,Myntra,CANCELLED,ORD2510141019,
ecommerce,2025-10-17,1424.05,OUT,Nykaa,DELIVERED,ORD2510171020,
ecommerce,2025-10-18,466.55,OUT,BigBasket,CANCELLED,ORD2510181021,
ecommerce,2025-10-18,4636.0,OUT,Myntra,RETURNED,ORD2510181022,REFUNDED
ecommerce,2025-10-19,1234.05,OUT,Ajio,CANCELLED,ORD2510191023,
ecommerce,2025-10-19,568.1,OUT,Flipkart,CANCELLED,ORD2510191024,
ecommerce,2025-10-21,674.1,OUT,Flipkart,DELIVERED,ORD2510211025,
ecommerce,2025-10-27,389.0,OUT,Myntra,DELIVERED,ORD2510271026,
ecommerce,2025-10-27,1023.0,OUT,Nykaa,CANCELLED,ORD2510271027,
ecommerce,2025-10-30,7414.15,OUT,Croma,DELIVERED,ORD2510301028,
ecommerce,2025-10-31,4509.65,OUT,BigBasket,DELIVERED,ORD2510311029,
ecommerce,2025-10-31,465.0,OUT,Myntra,DELIVERED,ORD2510311030,
ecommerce,2025-11-07,4223.0,OUT,Flipkart,DELIVERED,ORD2511071031,
ecommerce,2025-11-10,1954.94,OUT,Croma,DELIVERED,ORD2511101032,
ecommerce,2025-11-13,1470.6,OUT,BigBasket,DELIVERED,ORD2511131033,
ecommerce,2025-11-14,4586.6,OUT,Flipkart,DELIVERED,ORD2511141034,
ecommerce,2025-11-16,309.1,OUT,Nykaa,DELIVERED,ORD2511161035,
ecommerce,2025-11-17,1054.72,OUT,Croma,DELIVERED,ORD2511171036,
ecommerce,2025-11-18,1349.1,OUT,BigBasket,DELIVERED,ORD2511181037,
ecommerce,2025-11-21,8339.91,OUT,Croma,DELIVERED,ORD2511211038,
ecommerce,2025-11-22,2658.1,OUT,Ajio,CANCELLED,ORD2511221039,
ecommerce,2025-11-22,3608.1,OUT,Myntra,DELIVERED,ORD2511221040,
ecommerce,2025-11-23,6568.2,OUT,Flipkart,DELIVERED,ORD2511231041,
ecommerce,2025-11-27,3523.0,OUT,Amazon,DELIVERED,ORD2511271042,
ecommerce,2025-11-27,2752.15,OUT,Ajio,DELIVERED,ORD2511271043,
ecommerce,2025-11-29,2135.6,OUT,Nykaa,DELIVERED,ORD2511291044,
ecommerce,2025-12-02,2597.0,OUT,Flipkart,CANCELLED,ORD2512021045,
ecommerce,2025-12-04,6505.6,OUT,Amazon,CANCELLED,ORD2512041046,
ecommerce,2025-12-05,1348.0,OUT,BigBasket,CANCELLED,ORD2512051047,
ecommerce,2025-12-08,4604.65,OUT,Flipkart,DELIVERED,ORD2512081048,
ecommerce,2025-12-09,2942.15,OUT,Ajio,DELIVERED,ORD2512091049,
ecommerce,2025-12-09,2367.97,OUT,Croma,DELIVERED,ORD2512091050,
ecommerce,2025-12-10,933.3,OUT,Flipkart,DELIVERED,ORD2512101051,
ecommerce,2025-12-11,422.5,OUT,Flipkart,DELIVERED,ORD2512111052,
ecommerce,2025-12-14,1698.47,OUT,Croma,DELIVERED,ORD2512141053,
ecommerce,2025-12-17,453.1,OUT,Amazon,DELIVERED,ORD2512171054,
ecommerce,2025-12-21,549.0,OUT,Flipkart,DELIVERED,ORD2512211055,
ecommerce,2025-12-22,4749.05,OUT,Myntra,DELIVERED,ORD2512221056,
ecommerce,2025-12-27,9472.91,OUT,Croma,DELIVERED,ORD2512271057,
ecommerce,2025-12-30,9998.0,OUT,Flipkart,DELIVERED,ORD2512301058,
ecommerce,2026-01-02,4557.15,OUT,Flipkart,DELIVERED,ORD2601021059,
ecommerce,2026-01-02,759.05,OUT,Amazon,RETURNED,ORD2601021060,REFUND_INITIATED
ecommerce,2026-01-03,4449.24,OUT,Croma,RETURNED,ORD2601031061,REFUND_INITIATED
ecommerce,2026-01-04,899.0,OUT,Ajio,RETURNED,ORD2601041062,REFUNDED
ecommerce,2026-01-06,2299.0,OUT,Myntra,CANCELLED,ORD2601061063,
ecommerce,2026-01-11,2123.3,OUT,Flipkart,CANCELLED,ORD2601111064,
ecommerce,2026-01-13,348.0,OUT,BigBasket,DELIVERED,ORD2601131065,
ecommerce,2026-01-14,5487.3,OUT,Amazon,RETURNED,ORD2601141066,REFUNDED
ecommerce,2026-01-15,1548.0,OUT,Myntra,DELIVERED,ORD2601151067,
ecommerce,2026-01-23,2208.3,OUT,Flipkart,DELIVERED,ORD2601231068,
ecommerce,2026-01-23,3499.0,OUT,Ajio,DELIVERED,ORD2601231069,
ecommerce,2026-01-24,674.1,OUT,Flipkart,CANCELLED,ORD2601241070,
ecommerce,2026-01-29,749.0,OUT,Flipkart,RETURNED,ORD2601291071,REFUND_INITIATED
ecommerce,2026-01-29,5182.45,OUT,BigBasket,DELIVERED,ORD2601291072,
ecommerce,2026-01-30,326.17,OUT,Croma,DELIVERED,ORD2601301073,
ecommerce,2026-02-01,309.1,OUT,Nykaa,DELIVERED,ORD2602011074,
ecommerce,2026-02-01,2173.0,OUT,Myntra,DELIVERED,ORD2602011075,
ecommerce,2026-02-04,1198.0,OUT,Ajio,DELIVERED,ORD2602041076,
ecommerce,2026-02-06,2197.0,OUT,Amazon,RETURNED,ORD2602061077,REFUNDED
ecommerce,2026-02-07,1867.45,OUT,BigBasket,DELIVERED,ORD2602071078,
ecommerce,2026-02-07,9998.0,OUT,Amazon,DELIVERED,ORD2602071079,
ecommerce,2026-02-12,431.5,OUT,Amazon,DELIVERED,ORD2602121080,
ecommerce,2026-02-13,5352.91,OUT,Croma,DELIVERED,ORD2602131081,
ecommerce,2026-02-13,616.55,OUT,Myntra,DELIVERED,ORD2602131082,
ecommerce,2026-02-14,4758.3,OUT,Flipkart,DELIVERED,ORD2602141083,
ecommerce,2026-02-14,2160.94,OUT,Croma,DELIVERED,ORD2602141084,
ecommerce,2026-02-14,1563.64,OUT,Croma,RETURNED,ORD2602141085,REFUND_INITIATED
ecommerce,2026-02-21,1234.05,OUT,BigBasket,RETURNED,ORD2602211086,REFUNDED
ecommerce,2026-02-24,2822.0,OUT,Ajio,DELIVERED,ORD2602241087,
ecommerce,2026-02-25,1465.4,OUT,Flipkart,DELIVERED,ORD2602251088,
ecommerce,2026-02-26,431.5,OUT,Amazon,DELIVERED,ORD2602261089,
ecommerce,2026-02-28,1697.44,OUT,Croma,DELIVERED,ORD2602281090,
ecommerce,2026-03-05,2607.3,OUT,Ajio,DELIVERED,ORD2603051091,
ecommerce,2026-03-07,428.0,OUT,Flipkart,DELIVERED,ORD2603071092,
ecommerce,2026-03-07,1439.94,OUT,Croma,DELIVERED,ORD2603071093,
ecommerce,2026-03-14,1978.2,OUT,Flipkart,DELIVERED,ORD2603141094,
ecommerce,2026-03-17,515.65,OUT,Nykaa,DELIVERED,ORD2603171095,
ecommerce,2026-03-17,999.0,OUT,Amazon,DELIVERED,ORD2603171096,
ecommerce,2026-03-18,5696.0,OUT,Amazon,DELIVERED,ORD2603181097,
ecommerce,2026-03-20,1234.05,OUT,Amazon,DELIVERED,ORD2603201098,
ecommerce,2026-03-20,10706.4,OUT,Myntra,DELIVERED,ORD2603201099,
ecommerce,2026-03-21,1204.17,OUT,Croma,DELIVERED,ORD2603211100,
ecommerce,2026-03-21,4249.15,OUT,Ajio,RETURNED,ORD2603211101,REFUND_INITIATED
ecommerce,2026-03-21,5445.0,OUT,Ajio,DELIVERED,ORD2603211102,
ecommerce,2026-03-22,2798.7,OUT,BigBasket,DELIVERED,ORD2603221103,
ecommerce,2026-03-31,1543.97,OUT,Croma,DELIVERED,ORD2603311104,
ecommerce,2026-04-04,1388.44,OUT,Croma,RETURNED,ORD2604041105,REFUNDED
ecommerce,2026-04-04,1598.0,OUT,Amazon,RETURNED,ORD2604041106,REFUNDED
ecommerce,2026-04-05,1752.3,OUT,Ajio,DELIVERED,ORD2604051107,
ecommerce,2026-04-05,1438.2,OUT,BigBasket,RETURNED,ORD2604051108,REFUNDED
ecommerce,2026-04-06,9357.3,OUT,Amazon,DELIVERED,ORD2604061109,
ecommerce,2026-04-06,4269.35,OUT,Croma,DELIVERED,ORD2604061110,
ecommerce,2026-04-07,1347.3,OUT,Flipkart,DELIVERED,ORD2604071111,
ecommerce,2026-04-07,442.97,OUT,Croma,CANCELLED,ORD2604071112,
ecommerce,2026-04-08,1953.91,OUT,Croma,CANCELLED,ORD2604081113,
ecommerce,2026-04-09,2743.2,OUT,Ajio,CANCELLED,ORD2604091114,
ecommerce,2026-04-10,1858.17,OUT,Croma,DELIVERED,ORD2604101115,
ecommerce,2026-04-11,3228.3,OUT,Myntra,RETURNED,ORD2604111116,REFUND_INITIATED
ecommerce,2026-04-12,1598.0,OUT,BigBasket,DELIVERED,ORD2604121117,
ecommerce,2026-04-13,5817.44,OUT,Croma,DELIVERED,ORD2604131118,
ecommerce,2026-04-17,3298.0,OUT,Ajio,DELIVERED,ORD2604171119,
ecommerce,2026-04-22,809.1,OUT,Nykaa,DELIVERED,ORD2604221120,
ecommerce,2026-04-24,2468.1,OUT,BigBasket,DELIVERED,ORD2604241121,
ecommerce,2026-04-26,1258.2,OUT,Ajio,DELIVERED,ORD2604261122,
ecommerce,2026-05-01,2037.45,OUT,Nykaa,DELIVERED,ORD2605011123,
ecommerce,2026-05-02,1798.0,OUT,Amazon,DELIVERED,ORD2605021124,
ecommerce,2026-05-02,3519.66,OUT,Croma,DELIVERED,ORD2605021125,
ecommerce,2026-05-04,988.2,OUT,Nykaa,DELIVERED,ORD2605041126,
ecommerce,2026-05-07,4999.0,OUT,Amazon,DELIVERED,ORD2605071127,
ecommerce,2026-05-10,850.0,OUT,Nykaa,DELIVERED,ORD2605101128,
ecommerce,2026-05-13,1954.15,OUT,Nykaa,DELIVERED,ORD2605131129,
ecommerce,2026-05-13,4368.1,OUT,Amazon,DELIVERED,ORD2605131130,
ecommerce,2026-05-13,5869.04,OUT,Croma,DELIVERED,ORD2605131131,
ecommerce,2026-05-18,3897.0,OUT,Myntra,DELIVERED,ORD2605181132,
ecommerce,2026-05-18,3499.0,OUT,BigBasket,DELIVERED,ORD2605181133,
ecommerce,2026-05-19,10099.8,OUT,Nykaa,CANCELLED,ORD2605191134,
ecommerce,2026-05-24,719.1,OUT,Ajio,DELIVERED,ORD2605241135,
ecommerce,2026-05-29,2997.0,OUT,BigBasket,DELIVERED,ORD2605291136,
ecommerce,2026-06-02,3047.0,OUT,Myntra,CANCELLED,ORD2606021137,
ecommerce,2026-06-03,1224.0,OUT,Amazon,DELIVERED,ORD2606031138,
ecommerce,2026-06-04,12297.0,OUT,Nykaa,DELIVERED,ORD2606041139,
ecommerce,2026-06-05,749.0,OUT,Nykaa,RETURNED,ORD2606051140,REFUNDED
ecommerce,2026-06-05,465.0,OUT,Amazon,DELIVERED,ORD2606051141,
ecommerce,2026-06-08,2196.0,OUT,Myntra,CANCELLED,ORD2606081142,
ecommerce,2026-06-12,2299.0,OUT,Flipkart,RETURNED,ORD2606121143,REFUND_INITIATED
ecommerce,2026-06-12,711.55,OUT,Ajio,DELIVERED,ORD2606121144,
ecommerce,2026-06-15,1138.1,OUT,Myntra,DELIVERED,ORD2606151145,
ecommerce,2026-06-16,657.9,OUT,Ajio,DELIVERED,ORD2606161146,
ecommerce,2026-06-17,663.1,OUT,Flipkart,DELIVERED,ORD2606171147,
ecommerce,2026-06-21,4622.0,OUT,Nykaa,DELIVERED,ORD2606211148,
ecommerce,2026-06-25,599.0,OUT,Flipkart,DELIVERED,ORD2606251149,
ecommerce,2026-06-26,1899.0,OUT,Flipkart,DELIVERED,ORD2606261150,
ecommerce,2026-06-28,8637.3,OUT,Myntra,DELIVERED,ORD2606281151,
ecommerce,2026-06-28,711.55,OUT,Amazon,DELIVERED,ORD2606281152,
ecommerce,2026-06-30,1078.2,OUT,Nykaa,DELIVERED,ORD2606301153,
ecommerce,2026-07-01,8246.0,OUT,BigBasket,DELIVERED,ORD2607011154,
ecommerce,2026-07-01,1247.0,OUT,Nykaa,DELIVERED,ORD2607011155,
ecommerce,2026-07-01,4374.0,OUT,Croma,DELIVERED,ORD2607011156,
ecommerce,2026-07-04,3058.3,OUT,Ajio,RETURNED,ORD2607041157,REFUNDED
ecommerce,2026-07-04,655.75,OUT,Croma,DELIVERED,ORD2607041158,
ecommerce,2026-07-06,3798.0,OUT,Flipkart,DELIVERED,ORD2607061159,
ecommerce,2026-07-06,2562.15,OUT,Amazon,DELIVERED,ORD2607061160,
ecommerce,2026-07-07,3935.7,OUT,Ajio,DELIVERED,ORD2607071161,
ecommerce,2026-07-09,2754.32,OUT,Croma,CANCELLED,ORD2607091162,
ecommerce,2026-07-09,2135.6,OUT,BigBasket,DELIVERED,ORD2607091163,
ecommerce,2026-07-10,10255.25,OUT,Flipkart,DELIVERED,ORD2607101164,
ecommerce,2026-07-18,719.1,OUT,Flipkart,DELIVERED,ORD2607181165,
ecommerce,2026-07-23,9049.1,OUT,Ajio,DELIVERED,ORD2607231166,
ecommerce,2026-07-24,1197.0,OUT,Myntra,CANCELLED,ORD2607241167,
ecommerce,2026-07-27,933.3,OUT,Nykaa,CANCELLED,ORD2607271168,
ecommerce,2026-07-27,1655.8,OUT,Flipkart,DELIVERED,ORD2607271169,
ecommerce,2026-07-30,3325.15,OUT,Croma,DELIVERED,ORD2607301170,
ecommerce,2026-07-31,808.2,OUT,Ajio,DELIVERED,ORD2607311171,
ecommerce,2026-08-03,1358.3,OUT,BigBasket,DELIVERED,ORD2608031172,
ecommerce,2026-08-04,1906.12,OUT,Croma,DELIVERED,ORD2608041173,
ecommerce,2026-08-06,2422.0,OUT,Nykaa,CANCELLED,ORD2608061174,
ecommerce,2026-08-10,1448.0,OUT,Nykaa,DELIVERED,ORD2608101175,
ecommerce,2026-08-10,7995.0,OUT,Nykaa,DELIVERED,ORD2608101176,
ecommerce,2026-08-11,764.15,OUT,Flipkart,DELIVERED,ORD2608111177,
ecommerce,2026-08-11,1103.3,OUT,Ajio,DELIVERED,ORD2608111178,
ecommerce,2026-08-12,899.1,OUT,Amazon,RETURNED,ORD2608121179,REFUNDED
ecommerce,2026-08-12,663.1,OUT,Ajio,DELIVERED,ORD2608121180,
ecommerce,2026-08-17,3298.0,OUT,Amazon,DELIVERED,ORD2608171181,
ecommerce,2026-08-21,4501.6,OUT,Flipkart,RETURNED,ORD2608211182,REFUNDED
ecommerce,2026-08-23,339.0,OUT,BigBasket,DELIVERED,ORD2608231183,
ecommerce,2026-08-27,1798.0,OUT,Flipkart,DELIVERED,ORD2608271184,
ecommerce,2026-08-27,5222.15,OUT,Nykaa,CANCELLED,ORD2608271185,
ecommerce,2026-08-29,1424.05,OUT,Myntra,DELIVERED,ORD2608291186,
ecommerce,2026-09-02,1868.3,OUT,Flipkart,DELIVERED,ORD2609021187,
ecommerce,2026-09-02,1348.0,OUT,Nykaa,DELIVERED,ORD2609021188,
ecommerce,2026-09-04,6697.83,OUT,Croma,CANCELLED,ORD2609041189,
ecommerce,2026-09-04,6224.55,OUT,Ajio,CANCELLED,ORD2609041190,
ecommerce,2026-09-06,4198.0,OUT,Myntra,DELIVERED,ORD2609061191,
ecommerce,2026-09-06,1174.0,OUT,BigBasket,DELIVERED,ORD2609061192,
ecommerce,2026-09-07,2198.0,OUT,BigBasket,DELIVERED,ORD2609071193,
ecommerce,2026-09-08,3567.1,OUT,Croma,DELIVERED,ORD2609081194,
ecommerce,2026-09-09,3688.2,OUT,Nykaa,DELIVERED,ORD2609091195,
ecommerce,2026-09-10,1491.44,OUT,Croma,DELIVERED,ORD2609101196,
ecommerce,2026-09-10,345.65,OUT,Nykaa,DELIVERED,ORD2609101197,
ecommerce,2026-09-13,1448.0,OUT,BigBasket,DELIVERED,ORD2609131198,
ecommerce,2026-09-14,1299.0,OUT,Ajio,DELIVERED,ORD2609141199,
ecommerce,2026-09-20,1899.0,OUT,Ajio,DELIVERED,ORD2609201200,
ecommerce,2026-09-20,5897.0,OUT,BigBasket,DELIVERED,ORD2609201201,
ecommerce,2026-09-22,6039.2,OUT,Croma,PROCESSING,ORD2609221202,
ecommerce,2026-09-23,2397.0,OUT,Amazon,SHIPPED,ORD2609231203,
ecommerce,2026-09-24,3081.3,OUT,Croma,SHIPPED,ORD2609241204,
ecommerce,2026-09-25,498.0,OUT,Flipkart,PROCESSING,ORD2609251205,
